category,forecast_date,predicted_sold_per_month
Accessories,2025-12-01,38373677.98
Accessories,2026-01-01,37634495.54
Accessories,2026-02-01,37771404.22
Accessories,2026-03-01,38504379.21
Accessories,2026-04-01,38576794.8
Accessories,2026-05-01,39133403.44
Accessories,2026-06-01,40323223.81
Accessories,2026-07-01,38692064.69
Accessories,2026-08-01,39870125.09
Accessories,2026-09-01,40690325.18
Accessories,2026-10-01,40027512.18
Accessories,2026-11-01,42103119.62
Accessories Sets & Packages,2025-12-01,66603.84
Accessories Sets & Packages,2026-01-01,77519.13
Accessories Sets & Packages,2026-02-01,68912.68
Accessories Sets & Packages,2026-03-01,65542.3
Accessories Sets & Packages,2026-04-01,58786.17
Accessories Sets & Packages,2026-05-01,59690.04
Accessories Sets & Packages,2026-06-01,119257.23
Accessories Sets & Packages,2026-07-01,43636.99
Accessories Sets & Packages,2026-08-01,28188.29
Accessories Sets & Packages,2026-09-01,211146.9
Accessories Sets & Packages,2026-10-01,30073.02
Accessories Sets & Packages,2026-11-01,41059.51
Additional Accessories,2025-12-01,577809.92
Additional Accessories,2026-01-01,712099.5
Additional Accessories,2026-02-01,581582.82
Additional Accessories,2026-03-01,753702.6
Additional Accessories,2026-04-01,650344.49
Additional Accessories,2026-05-01,617949.44
Additional Accessories,2026-06-01,701948.79
Additional Accessories,2026-07-01,455867.44
Additional Accessories,2026-08-01,515300.38
Additional Accessories,2026-09-01,980107.84
Additional Accessories,2026-10-01,798444.76
Additional Accessories,2026-11-01,685427.74
Alcoholic Beverages,2025-12-01,174829.97
Alcoholic Beverages,2026-01-01,155594.7
Alcoholic Beverages,2026-02-01,38641.71
Alcoholic Beverages,2026-03-01,40993.64
Alcoholic Beverages,2026-04-01,38508.55
Alcoholic Beverages,2026-05-01,119376.75
Alcoholic Beverages,2026-06-01,50877.69
Alcoholic Beverages,2026-07-01,2224.86
Alcoholic Beverages,2026-08-01,0.0
Alcoholic Beverages,2026-09-01,0.0
Alcoholic Beverages,2026-10-01,0.0
Alcoholic Beverages,2026-11-01,0.0
Amplifiers & Mixers,2025-12-01,0.0
Amplifiers & Mixers,2026-01-01,0.0
Amplifiers & Mixers,2026-02-01,0.0
Amplifiers & Mixers,2026-03-01,0.0
Amplifiers & Mixers,2026-04-01,0.0
Amplifiers & Mixers,2026-05-01,0.0
Amplifiers & Mixers,2026-06-01,0.0
Amplifiers & Mixers,2026-07-01,0.0
Amplifiers & Mixers,2026-08-01,0.0
Amplifiers & Mixers,2026-09-01,0.0
Amplifiers & Mixers,2026-10-01,0.0
Amplifiers & Mixers,2026-11-01,0.0
Anklets,2025-12-01,325.93
Anklets,2026-01-01,0.0
Anklets,2026-02-01,0.0
Anklets,2026-03-01,0.0
Anklets,2026-04-01,256.01
Anklets,2026-05-01,878.59
Anklets,2026-06-01,1942.31
Anklets,2026-07-01,1307.81
Anklets,2026-08-01,563.9
Anklets,2026-09-01,422.23
Anklets,2026-10-01,0.0
Anklets,2026-11-01,0.0
Art Supplies,2025-12-01,2460271.61
Art Supplies,2026-01-01,2887358.42
Art Supplies,2026-02-01,3320133.02
Art Supplies,2026-03-01,3967090.0
Art Supplies,2026-04-01,4814962.35
Art Supplies,2026-05-01,5839534.4
Art Supplies,2026-06-01,6944676.95
Art Supplies,2026-07-01,7754468.97
Art Supplies,2026-08-01,8985126.84
Art Supplies,2026-09-01,10704774.18
Art Supplies,2026-10-01,12450599.1
Art Supplies,2026-11-01,14528857.41
Audio & Video Cables & Converters,2025-12-01,60448.58
Audio & Video Cables & Converters,2026-01-01,70976.09
Audio & Video Cables & Converters,2026-02-01,70225.13
Audio & Video Cables & Converters,2026-03-01,16436.31
Audio & Video Cables & Converters,2026-04-01,92847.15
Audio & Video Cables & Converters,2026-05-01,342428.43
Audio & Video Cables & Converters,2026-06-01,173292.91
Audio & Video Cables & Converters,2026-07-01,130892.24
Audio & Video Cables & Converters,2026-08-01,173678.85
Audio & Video Cables & Converters,2026-09-01,1162545.1
Audio & Video Cables & Converters,2026-10-01,98822.71
Audio & Video Cables & Converters,2026-11-01,202819.45
Automobile Exterior Accessories,2025-12-01,224567.95
Automobile Exterior Accessories,2026-01-01,216523.09
Automobile Exterior Accessories,2026-02-01,202939.51
Automobile Exterior Accessories,2026-03-01,241841.71
Automobile Exterior Accessories,2026-04-01,259917.77
Automobile Exterior Accessories,2026-05-01,94922.67
Automobile Exterior Accessories,2026-06-01,147031.47
Automobile Exterior Accessories,2026-07-01,194358.7
Automobile Exterior Accessories,2026-08-01,47916.67
Automobile Exterior Accessories,2026-09-01,28273.98
Automobile Exterior Accessories,2026-10-01,146543.57
Automobile Exterior Accessories,2026-11-01,121619.96
Automobile Interior Accessories,2025-12-01,494742.21
Automobile Interior Accessories,2026-01-01,469379.21
Automobile Interior Accessories,2026-02-01,449602.63
Automobile Interior Accessories,2026-03-01,573971.17
Automobile Interior Accessories,2026-04-01,627613.49
Automobile Interior Accessories,2026-05-01,527726.2
Automobile Interior Accessories,2026-06-01,537958.69
Automobile Interior Accessories,2026-07-01,600528.9
Automobile Interior Accessories,2026-08-01,664094.96
Automobile Interior Accessories,2026-09-01,292047.12
Automobile Interior Accessories,2026-10-01,663063.22
Automobile Interior Accessories,2026-11-01,587926.89
Automobile Spare Parts,2025-12-01,1312682.81
Automobile Spare Parts,2026-01-01,1502038.88
Automobile Spare Parts,2026-02-01,1583227.01
Automobile Spare Parts,2026-03-01,2312276.61
Automobile Spare Parts,2026-04-01,2018010.69
Automobile Spare Parts,2026-05-01,2662926.08
Automobile Spare Parts,2026-06-01,2946987.83
Automobile Spare Parts,2026-07-01,2045403.88
Automobile Spare Parts,2026-08-01,1899022.91
Automobile Spare Parts,2026-09-01,3606567.4
Automobile Spare Parts,2026-10-01,1581017.79
Automobile Spare Parts,2026-11-01,1285757.68
Automotive Care,2025-12-01,1196311.13
Automotive Care,2026-01-01,888740.47
Automotive Care,2026-02-01,819493.03
Automotive Care,2026-03-01,1563069.52
Automotive Care,2026-04-01,1415138.7
Automotive Care,2026-05-01,1272208.63
Automotive Care,2026-06-01,612607.26
Automotive Care,2026-07-01,788921.07
Automotive Care,2026-08-01,751257.55
Automotive Care,2026-09-01,0.0
Automotive Care,2026-10-01,1124520.9
Automotive Care,2026-11-01,1045551.38
Automotive Keychains & Key Covers,2025-12-01,40028.52
Automotive Keychains & Key Covers,2026-01-01,45921.7
Automotive Keychains & Key Covers,2026-02-01,39873.61
Automotive Keychains & Key Covers,2026-03-01,45164.16
Automotive Keychains & Key Covers,2026-04-01,78979.72
Automotive Keychains & Key Covers,2026-05-01,41667.96
Automotive Keychains & Key Covers,2026-06-01,39400.86
Automotive Keychains & Key Covers,2026-07-01,39512.81
Automotive Keychains & Key Covers,2026-08-01,97334.62
Automotive Keychains & Key Covers,2026-09-01,132083.77
Automotive Keychains & Key Covers,2026-10-01,50628.68
Automotive Keychains & Key Covers,2026-11-01,75149.61
Automotive Oils & Lubes,2025-12-01,268135.96
Automotive Oils & Lubes,2026-01-01,293729.09
Automotive Oils & Lubes,2026-02-01,267611.44
Automotive Oils & Lubes,2026-03-01,253971.85
Automotive Oils & Lubes,2026-04-01,261437.12
Automotive Oils & Lubes,2026-05-01,355452.02
Automotive Oils & Lubes,2026-06-01,324334.13
Automotive Oils & Lubes,2026-07-01,276516.69
Automotive Oils & Lubes,2026-08-01,276940.76
Automotive Oils & Lubes,2026-09-01,258161.65
Automotive Oils & Lubes,2026-10-01,244143.35
Automotive Oils & Lubes,2026-11-01,339154.15
Automotive Tools,2025-12-01,186686.01
Automotive Tools,2026-01-01,243534.91
Automotive Tools,2026-02-01,200008.37
Automotive Tools,2026-03-01,253841.58
Automotive Tools,2026-04-01,266777.61
Automotive Tools,2026-05-01,436381.32
Automotive Tools,2026-06-01,208510.39
Automotive Tools,2026-07-01,306527.5
Automotive Tools,2026-08-01,200252.43
Automotive Tools,2026-09-01,311758.3
Automotive Tools,2026-10-01,133604.21
Automotive Tools,2026-11-01,379746.63
Baby & Kids Accessories,2025-12-01,589002.3
Baby & Kids Accessories,2026-01-01,0.0
Baby & Kids Accessories,2026-02-01,538512.34
Baby & Kids Accessories,2026-03-01,878850.41
Baby & Kids Accessories,2026-04-01,1101315.75
Baby & Kids Accessories,2026-05-01,1595327.26
Baby & Kids Accessories,2026-06-01,4066278.0
Baby & Kids Accessories,2026-07-01,2499128.77
Baby & Kids Accessories,2026-08-01,1835351.33
Baby & Kids Accessories,2026-09-01,9775319.18
Baby & Kids Accessories,2026-10-01,547195.4
Baby & Kids Accessories,2026-11-01,1982741.94
Baby Clothes,2025-12-01,102485.39
Baby Clothes,2026-01-01,45253.34
Baby Clothes,2026-02-01,8718.29
Baby Clothes,2026-03-01,54167.0
Baby Clothes,2026-04-01,99439.45
Baby Clothes,2026-05-01,169597.4
Baby Clothes,2026-06-01,279797.07
Baby Clothes,2026-07-01,100642.75
Baby Clothes,2026-08-01,79515.56
Baby Clothes,2026-09-01,85840.43
Baby Clothes,2026-10-01,40914.96
Baby Clothes,2026-11-01,55309.07
Baby Healthcare,2025-12-01,241115.65
Baby Healthcare,2026-01-01,248424.19
Baby Healthcare,2026-02-01,249163.27
Baby Healthcare,2026-03-01,310434.98
Baby Healthcare,2026-04-01,298553.59
Baby Healthcare,2026-05-01,294506.65
Baby Healthcare,2026-06-01,345048.32
Baby Healthcare,2026-07-01,313558.72
Baby Healthcare,2026-08-01,315599.44
Baby Healthcare,2026-09-01,323734.88
Baby Healthcare,2026-10-01,304548.67
Baby Healthcare,2026-11-01,311826.16
Baby Mittens & Footwear,2025-12-01,38813.72
Baby Mittens & Footwear,2026-01-01,35512.55
Baby Mittens & Footwear,2026-02-01,23899.64
Baby Mittens & Footwear,2026-03-01,21810.78
Baby Mittens & Footwear,2026-04-01,8882.1
Baby Mittens & Footwear,2026-05-01,122589.79
Baby Mittens & Footwear,2026-06-01,87221.41
Baby Mittens & Footwear,2026-07-01,15300.15
Baby Mittens & Footwear,2026-08-01,27731.39
Baby Mittens & Footwear,2026-09-01,402295.94
Baby Mittens & Footwear,2026-10-01,0.0
Baby Mittens & Footwear,2026-11-01,119193.94
Baby Safety,2025-12-01,457538.94
Baby Safety,2026-01-01,851745.23
Baby Safety,2026-02-01,657523.52
Baby Safety,2026-03-01,758844.6
Baby Safety,2026-04-01,701374.73
Baby Safety,2026-05-01,878844.61
Baby Safety,2026-06-01,987794.34
Baby Safety,2026-07-01,1088669.71
Baby Safety,2026-08-01,3586193.48
Baby Safety,2026-09-01,10233545.49
Baby Safety,2026-10-01,3240507.26
Baby Safety,2026-11-01,2383390.13
Baby Travel Essentials,2025-12-01,31352.13
Baby Travel Essentials,2026-01-01,46517.44
Baby Travel Essentials,2026-02-01,48442.62
Baby Travel Essentials,2026-03-01,53394.84
Baby Travel Essentials,2026-04-01,48284.68
Baby Travel Essentials,2026-05-01,50067.22
Baby Travel Essentials,2026-06-01,73932.15
Baby Travel Essentials,2026-07-01,49802.94
Baby Travel Essentials,2026-08-01,23467.52
Baby Travel Essentials,2026-09-01,0.0
Baby Travel Essentials,2026-10-01,23530.49
Baby Travel Essentials,2026-11-01,72767.36
Backpacks,2025-12-01,102258.77
Backpacks,2026-01-01,108750.53
Backpacks,2026-02-01,104684.15
Backpacks,2026-03-01,188565.02
Backpacks,2026-04-01,187705.08
Backpacks,2026-05-01,194012.22
Backpacks,2026-06-01,208352.76
Backpacks,2026-07-01,222385.07
Backpacks,2026-08-01,241615.17
Backpacks,2026-09-01,201643.12
Backpacks,2026-10-01,173537.84
Backpacks,2026-11-01,165265.78
Bag Accessories,2025-12-01,1474994.52
Bag Accessories,2026-01-01,1445398.85
Bag Accessories,2026-02-01,1503368.12
Bag Accessories,2026-03-01,1580285.98
Bag Accessories,2026-04-01,1624136.79
Bag Accessories,2026-05-01,1611418.29
Bag Accessories,2026-06-01,1571123.08
Bag Accessories,2026-07-01,1631582.64
Bag Accessories,2026-08-01,1642724.29
Bag Accessories,2026-09-01,1555979.68
Bag Accessories,2026-10-01,1645383.5
Bag Accessories,2026-11-01,1606177.54
Bakery,2025-12-01,41330.67
Bakery,2026-01-01,23947.23
Bakery,2026-02-01,23167.32
Bakery,2026-03-01,25647.43
Bakery,2026-04-01,24396.35
Bakery,2026-05-01,59165.89
Bakery,2026-06-01,25888.52
Bakery,2026-07-01,18093.66
Bakery,2026-08-01,17895.59
Bakery,2026-09-01,24701.68
Bakery,2026-10-01,25742.47
Bakery,2026-11-01,22705.78
Baking Needs,2025-12-01,74192.71
Baking Needs,2026-01-01,72137.35
Baking Needs,2026-02-01,71057.49
Baking Needs,2026-03-01,119026.47
Baking Needs,2026-04-01,124256.5
Baking Needs,2026-05-01,154028.94
Baking Needs,2026-06-01,148534.98
Baking Needs,2026-07-01,126885.58
Baking Needs,2026-08-01,125834.29
Baking Needs,2026-09-01,123596.77
Baking Needs,2026-10-01,117931.21
Baking Needs,2026-11-01,132202.55
Bath & Body Care,2025-12-01,0.0
Bath & Body Care,2026-01-01,0.0
Bath & Body Care,2026-02-01,0.0
Bath & Body Care,2026-03-01,0.0
Bath & Body Care,2026-04-01,0.0
Bath & Body Care,2026-05-01,0.0
Bath & Body Care,2026-06-01,0.0
Bath & Body Care,2026-07-01,0.0
Bath & Body Care,2026-08-01,0.0
Bath & Body Care,2026-09-01,0.0
Bath & Body Care,2026-10-01,0.0
Bath & Body Care,2026-11-01,0.0
Bathrooms,2025-12-01,6588783.33
Bathrooms,2026-01-01,5494031.45
Bathrooms,2026-02-01,5879543.58
Bathrooms,2026-03-01,6241372.07
Bathrooms,2026-04-01,6306201.93
Bathrooms,2026-05-01,6846863.39
Bathrooms,2026-06-01,9926962.57
Bathrooms,2026-07-01,6940683.39
Bathrooms,2026-08-01,7708324.04
Bathrooms,2026-09-01,9357931.09
Bathrooms,2026-10-01,4323966.15
Bathrooms,2026-11-01,3632263.19
Batteries,2025-12-01,418208.98
Batteries,2026-01-01,404972.78
Batteries,2026-02-01,408936.18
Batteries,2026-03-01,400926.89
Batteries,2026-04-01,435447.24
Batteries,2026-05-01,425367.29
Batteries,2026-06-01,418966.25
Batteries,2026-07-01,429112.69
Batteries,2026-08-01,425828.65
Batteries,2026-09-01,432080.46
Batteries,2026-10-01,441481.7
Batteries,2026-11-01,438339.75
Beauty Sets & Packages,2025-12-01,2146622.51
Beauty Sets & Packages,2026-01-01,1990009.41
Beauty Sets & Packages,2026-02-01,2075180.94
Beauty Sets & Packages,2026-03-01,2139404.91
Beauty Sets & Packages,2026-04-01,2427108.9
Beauty Sets & Packages,2026-05-01,2632254.34
Beauty Sets & Packages,2026-06-01,3624428.22
Beauty Sets & Packages,2026-07-01,2369118.69
Beauty Sets & Packages,2026-08-01,2229479.73
Beauty Sets & Packages,2026-09-01,3081991.71
Beauty Sets & Packages,2026-10-01,1726316.65
Beauty Sets & Packages,2026-11-01,902426.98
Beauty Tools,2025-12-01,18571463.26
Beauty Tools,2026-01-01,17922697.15
Beauty Tools,2026-02-01,17163212.62
Beauty Tools,2026-03-01,16432880.72
Beauty Tools,2026-04-01,15548565.9
Beauty Tools,2026-05-01,14920538.57
Beauty Tools,2026-06-01,14481344.57
Beauty Tools,2026-07-01,13477368.31
Beauty Tools,2026-08-01,12926876.68
Beauty Tools,2026-09-01,207871950.83
Beauty Tools,2026-10-01,12122375.69
Beauty Tools,2026-11-01,12315162.17
Bedding,2025-12-01,1364865.25
Bedding,2026-01-01,1210765.21
Bedding,2026-02-01,1321752.53
Bedding,2026-03-01,830451.15
Bedding,2026-04-01,1295490.34
Bedding,2026-05-01,2648527.67
Bedding,2026-06-01,4802581.73
Bedding,2026-07-01,1675395.81
Bedding,2026-08-01,1143977.22
Bedding,2026-09-01,1922534.42
Bedding,2026-10-01,192714.51
Bedding,2026-11-01,1031273.34
Belts,2025-12-01,115126.6
Belts,2026-01-01,43661.55
Belts,2026-02-01,31879.81
Belts,2026-03-01,31134.29
Belts,2026-04-01,29744.75
Belts,2026-05-01,33236.47
Belts,2026-06-01,152259.91
Belts,2026-07-01,41713.06
Belts,2026-08-01,67007.63
Belts,2026-09-01,475951.48
Belts,2026-10-01,42610.08
Belts,2026-11-01,32269.1
Beverages,2025-12-01,2136921.66
Beverages,2026-01-01,2401931.28
Beverages,2026-02-01,2675105.79
Beverages,2026-03-01,3128128.17
Beverages,2026-04-01,3496594.41
Beverages,2026-05-01,3901323.68
Beverages,2026-06-01,4322390.79
Beverages,2026-07-01,4702276.03
Beverages,2026-08-01,5167070.7
Beverages,2026-09-01,5622194.58
Beverages,2026-10-01,6095787.2
Beverages,2026-11-01,6619397.66
Books,2025-12-01,819115.61
Books,2026-01-01,1289460.6
Books,2026-02-01,703935.3
Books,2026-03-01,1360749.1
Books,2026-04-01,699347.02
Books,2026-05-01,1463872.63
Books,2026-06-01,646237.33
Books,2026-07-01,1620845.27
Books,2026-08-01,586920.96
Books,2026-09-01,2005521.26
Books,2026-10-01,703726.92
Books,2026-11-01,3272439.06
Boots,2025-12-01,137304.86
Boots,2026-01-01,100354.6
Boots,2026-02-01,91983.08
Boots,2026-03-01,88693.05
Boots,2026-04-01,85381.11
Boots,2026-05-01,127844.63
Boots,2026-06-01,143453.7
Boots,2026-07-01,148566.95
Boots,2026-08-01,113799.19
Boots,2026-09-01,134321.96
Boots,2026-10-01,127169.26
Boots,2026-11-01,88902.01
Boy Clothes,2025-12-01,734524.46
Boy Clothes,2026-01-01,407855.01
Boy Clothes,2026-02-01,427715.67
Boy Clothes,2026-03-01,49678.87
Boy Clothes,2026-04-01,782728.77
Boy Clothes,2026-05-01,1677068.81
Boy Clothes,2026-06-01,3106245.31
Boy Clothes,2026-07-01,1242061.62
Boy Clothes,2026-08-01,771372.77
Boy Clothes,2026-09-01,501375.35
Boy Clothes,2026-10-01,294789.33
Boy Clothes,2026-11-01,432757.79
Boy Shoes,2025-12-01,128982.86
Boy Shoes,2026-01-01,0.0
Boy Shoes,2026-02-01,5805.02
Boy Shoes,2026-03-01,7831.48
Boy Shoes,2026-04-01,2797.46
Boy Shoes,2026-05-01,59696.14
Boy Shoes,2026-06-01,61940.39
Boy Shoes,2026-07-01,49500.59
Boy Shoes,2026-08-01,9216.89
Boy Shoes,2026-09-01,36764.38
Boy Shoes,2026-10-01,1688.36
Boy Shoes,2026-11-01,44648.66
Bracelets & Bangles,2025-12-01,307457.29
Bracelets & Bangles,2026-01-01,301266.6
Bracelets & Bangles,2026-02-01,412750.86
Bracelets & Bangles,2026-03-01,622601.43
Bracelets & Bangles,2026-04-01,610477.0
Bracelets & Bangles,2026-05-01,566876.68
Bracelets & Bangles,2026-06-01,392803.76
Bracelets & Bangles,2026-07-01,442911.76
Bracelets & Bangles,2026-08-01,463149.45
Bracelets & Bangles,2026-09-01,0.0
Bracelets & Bangles,2026-10-01,529862.81
Bracelets & Bangles,2026-11-01,600386.11
Breakfast Cereals & Spread,2025-12-01,55054.84
Breakfast Cereals & Spread,2026-01-01,57631.16
Breakfast Cereals & Spread,2026-02-01,62337.45
Breakfast Cereals & Spread,2026-03-01,73538.28
Breakfast Cereals & Spread,2026-04-01,68486.81
Breakfast Cereals & Spread,2026-05-01,80053.46
Breakfast Cereals & Spread,2026-06-01,97943.93
Breakfast Cereals & Spread,2026-07-01,72682.06
Breakfast Cereals & Spread,2026-08-01,90039.52
Breakfast Cereals & Spread,2026-09-01,94408.35
Breakfast Cereals & Spread,2026-10-01,76156.52
Breakfast Cereals & Spread,2026-11-01,69543.65
Briefcases,2025-12-01,3139.1
Briefcases,2026-01-01,1798.26
Briefcases,2026-02-01,3055.62
Briefcases,2026-03-01,1897.53
Briefcases,2026-04-01,3083.13
Briefcases,2026-05-01,5449.6
Briefcases,2026-06-01,13348.83
Briefcases,2026-07-01,10626.4
Briefcases,2026-08-01,16826.8
Briefcases,2026-09-01,2114.15
Briefcases,2026-10-01,3495.71
Briefcases,2026-11-01,2967.33
"CD, DVD & Bluray",2025-12-01,2175.6
"CD, DVD & Bluray",2026-01-01,1495.21
"CD, DVD & Bluray",2026-02-01,1786.38
"CD, DVD & Bluray",2026-03-01,1138.36
"CD, DVD & Bluray",2026-04-01,1040.62
"CD, DVD & Bluray",2026-05-01,1449.47
"CD, DVD & Bluray",2026-06-01,1527.72
"CD, DVD & Bluray",2026-07-01,1534.71
"CD, DVD & Bluray",2026-08-01,1179.34
"CD, DVD & Bluray",2026-09-01,1193.42
"CD, DVD & Bluray",2026-10-01,1610.44
"CD, DVD & Bluray",2026-11-01,2785.78
Camera Accessories,2025-12-01,150927.04
Camera Accessories,2026-01-01,158736.66
Camera Accessories,2026-02-01,164862.82
Camera Accessories,2026-03-01,204719.34
Camera Accessories,2026-04-01,228718.48
Camera Accessories,2026-05-01,185098.02
Camera Accessories,2026-06-01,207877.09
Camera Accessories,2026-07-01,234035.74
Camera Accessories,2026-08-01,232256.17
Camera Accessories,2026-09-01,210211.02
Camera Accessories,2026-10-01,206912.97
Camera Accessories,2026-11-01,232323.49
Camera Care,2025-12-01,27645.23
Camera Care,2026-01-01,32615.98
Camera Care,2026-02-01,33958.17
Camera Care,2026-03-01,25552.38
Camera Care,2026-04-01,27552.81
Camera Care,2026-05-01,87335.85
Camera Care,2026-06-01,47099.73
Camera Care,2026-07-01,24785.6
Camera Care,2026-08-01,10786.77
Camera Care,2026-09-01,24729.42
Camera Care,2026-10-01,25657.09
Camera Care,2026-11-01,34141.44
Cameras,2025-12-01,0.0
Cameras,2026-01-01,12695.81
Cameras,2026-02-01,1013.79
Cameras,2026-03-01,1674.01
Cameras,2026-04-01,0.0
Cameras,2026-05-01,0.0
Cameras,2026-06-01,293.84
Cameras,2026-07-01,429.38
Cameras,2026-08-01,3630.92
Cameras,2026-09-01,0.0
Cameras,2026-10-01,0.0
Cameras,2026-11-01,0.0
Clutches & Wristlets,2025-12-01,56764.3
Clutches & Wristlets,2026-01-01,11459.54
Clutches & Wristlets,2026-02-01,15475.38
Clutches & Wristlets,2026-03-01,7957.15
Clutches & Wristlets,2026-04-01,11690.28
Clutches & Wristlets,2026-05-01,16703.29
Clutches & Wristlets,2026-06-01,105516.72
Clutches & Wristlets,2026-07-01,12139.28
Clutches & Wristlets,2026-08-01,18689.64
Clutches & Wristlets,2026-09-01,263111.71
Clutches & Wristlets,2026-10-01,13304.69
Clutches & Wristlets,2026-11-01,21928.37
Collectible Items,2025-12-01,115742.69
Collectible Items,2026-01-01,118385.14
Collectible Items,2026-02-01,129340.7
Collectible Items,2026-03-01,145465.82
Collectible Items,2026-04-01,207766.99
Collectible Items,2026-05-01,153896.01
Collectible Items,2026-06-01,177110.62
Collectible Items,2026-07-01,212945.61
Collectible Items,2026-08-01,218959.62
Collectible Items,2026-09-01,178256.72
Collectible Items,2026-10-01,204108.37
Collectible Items,2026-11-01,220685.45
Console Accessories,2025-12-01,162705.2
Console Accessories,2026-01-01,130340.0
Console Accessories,2026-02-01,134501.85
Console Accessories,2026-03-01,104237.9
Console Accessories,2026-04-01,140552.14
Console Accessories,2026-05-01,223001.22
Console Accessories,2026-06-01,436624.11
Console Accessories,2026-07-01,188096.23
Console Accessories,2026-08-01,76156.25
Console Accessories,2026-09-01,205171.62
Console Accessories,2026-10-01,141320.62
Console Accessories,2026-11-01,169461.65
Console Machines,2025-12-01,1867.6
Console Machines,2026-01-01,997.89
Console Machines,2026-02-01,2202.19
Console Machines,2026-03-01,288.49
Console Machines,2026-04-01,0.0
Console Machines,2026-05-01,461.75
Console Machines,2026-06-01,0.0
Console Machines,2026-07-01,0.0
Console Machines,2026-08-01,0.0
Console Machines,2026-09-01,0.0
Console Machines,2026-10-01,0.0
Console Machines,2026-11-01,0.0
Convenience / Ready,2025-12-01,96318.65
Convenience / Ready,2026-01-01,107741.82
Convenience / Ready,2026-02-01,112215.27
Convenience / Ready,2026-03-01,135596.18
Convenience / Ready,2026-04-01,135476.8
Convenience / Ready,2026-05-01,138476.14
Convenience / Ready,2026-06-01,225772.11
Convenience / Ready,2026-07-01,125236.44
Convenience / Ready,2026-08-01,138220.02
Convenience / Ready,2026-09-01,137242.18
Convenience / Ready,2026-10-01,120141.42
Convenience / Ready,2026-11-01,113962.02
Cooking Essentials,2025-12-01,490637.37
Cooking Essentials,2026-01-01,498417.96
Cooking Essentials,2026-02-01,489938.36
Cooking Essentials,2026-03-01,629337.75
Cooking Essentials,2026-04-01,687088.43
Cooking Essentials,2026-05-01,659466.75
Cooking Essentials,2026-06-01,607552.81
Cooking Essentials,2026-07-01,684414.82
Cooking Essentials,2026-08-01,563322.48
Cooking Essentials,2026-09-01,541836.17
Cooking Essentials,2026-10-01,674612.93
Cooking Essentials,2026-11-01,671312.89
Costumes,2025-12-01,5075.75
Costumes,2026-01-01,6978.55
Costumes,2026-02-01,5399.78
Costumes,2026-03-01,7255.72
Costumes,2026-04-01,6080.8
Costumes,2026-05-01,11476.98
Costumes,2026-06-01,5994.61
Costumes,2026-07-01,4848.45
Costumes,2026-08-01,6320.27
Costumes,2026-09-01,4030.93
Costumes,2026-10-01,6291.17
Costumes,2026-11-01,5640.32
Crossbody & Shoulder Bags,2025-12-01,24464023.67
Crossbody & Shoulder Bags,2026-01-01,79129873.77
Crossbody & Shoulder Bags,2026-02-01,261473360.87
Crossbody & Shoulder Bags,2026-03-01,865926214.22
Crossbody & Shoulder Bags,2026-04-01,2870619799.92
Crossbody & Shoulder Bags,2026-05-01,9516288831.21
Crossbody & Shoulder Bags,2026-06-01,31548489766.71
Crossbody & Shoulder Bags,2026-07-01,104589040301.79
Crossbody & Shoulder Bags,2026-08-01,346739055026.3
Crossbody & Shoulder Bags,2026-09-01,1149530362212.24
Crossbody & Shoulder Bags,2026-10-01,3810990515307.73
Crossbody & Shoulder Bags,2026-11-01,12634427313926.15
Dairy & Eggs,2025-12-01,502010.2
Dairy & Eggs,2026-01-01,483413.21
Dairy & Eggs,2026-02-01,298686.78
Dairy & Eggs,2026-03-01,313256.13
Dairy & Eggs,2026-04-01,409643.74
Dairy & Eggs,2026-05-01,383278.84
Dairy & Eggs,2026-06-01,405401.34
Dairy & Eggs,2026-07-01,235339.58
Dairy & Eggs,2026-08-01,290620.56
Dairy & Eggs,2026-09-01,269137.38
Dairy & Eggs,2026-10-01,281041.87
Dairy & Eggs,2026-11-01,275613.37
Data Storage,2025-12-01,45888.58
Data Storage,2026-01-01,68939.83
Data Storage,2026-02-01,72394.43
Data Storage,2026-03-01,98763.35
Data Storage,2026-04-01,99056.07
Data Storage,2026-05-01,105255.03
Data Storage,2026-06-01,102380.81
Data Storage,2026-07-01,91512.19
Data Storage,2026-08-01,113110.16
Data Storage,2026-09-01,127551.37
Data Storage,2026-10-01,102170.79
Data Storage,2026-11-01,84267.0
Decoration,2025-12-01,0.0
Decoration,2026-01-01,0.0
Decoration,2026-02-01,0.0
Decoration,2026-03-01,0.0
Decoration,2026-04-01,0.0
Decoration,2026-05-01,0.0
Decoration,2026-06-01,0.0
Decoration,2026-07-01,0.0
Decoration,2026-08-01,0.0
Decoration,2026-09-01,0.0
Decoration,2026-10-01,0.0
Decoration,2026-11-01,0.0
Desktop & Laptop Components,2025-12-01,46945.54
Desktop & Laptop Components,2026-01-01,62177.39
Desktop & Laptop Components,2026-02-01,57716.3
Desktop & Laptop Components,2026-03-01,74781.45
Desktop & Laptop Components,2026-04-01,110667.85
Desktop & Laptop Components,2026-05-01,65523.57
Desktop & Laptop Components,2026-06-01,81010.39
Desktop & Laptop Components,2026-07-01,69027.18
Desktop & Laptop Components,2026-08-01,101501.19
Desktop & Laptop Components,2026-09-01,182854.07
Desktop & Laptop Components,2026-10-01,97973.47
Desktop & Laptop Components,2026-11-01,64606.15
Desktop Computers,2025-12-01,5371.32
Desktop Computers,2026-01-01,5379.63
Desktop Computers,2026-02-01,6688.6
Desktop Computers,2026-03-01,8164.93
Desktop Computers,2026-04-01,9123.87
Desktop Computers,2026-05-01,8954.26
Desktop Computers,2026-06-01,10552.6
Desktop Computers,2026-07-01,10071.17
Desktop Computers,2026-08-01,7684.03
Desktop Computers,2026-09-01,14297.57
Desktop Computers,2026-10-01,1567.73
Desktop Computers,2026-11-01,7273.33
Diapering & Potty,2025-12-01,621589.01
Diapering & Potty,2026-01-01,6025598.74
Diapering & Potty,2026-02-01,0.0
Diapering & Potty,2026-03-01,11535739.44
Diapering & Potty,2026-04-01,0.0
Diapering & Potty,2026-05-01,25642219.22
Diapering & Potty,2026-06-01,0.0
Diapering & Potty,2026-07-01,56677452.43
Diapering & Potty,2026-08-01,0.0
Diapering & Potty,2026-09-01,134309630.22
Diapering & Potty,2026-10-01,0.0
Diapering & Potty,2026-11-01,328592071.06
Dinnerware,2025-12-01,12253629.37
Dinnerware,2026-01-01,12922434.74
Dinnerware,2026-02-01,15698457.31
Dinnerware,2026-03-01,18519735.18
Dinnerware,2026-04-01,22434843.82
Dinnerware,2026-05-01,27080592.04
Dinnerware,2026-06-01,33041714.5
Dinnerware,2026-07-01,36942091.23
Dinnerware,2026-08-01,43972348.64
Dinnerware,2026-09-01,50918978.26
Dinnerware,2026-10-01,60101350.18
Dinnerware,2026-11-01,71783403.93
Dresses,2025-12-01,242522.35
Dresses,2026-01-01,89414.54
Dresses,2026-02-01,84177.48
Dresses,2026-03-01,0.0
Dresses,2026-04-01,112938.19
Dresses,2026-05-01,731235.8
Dresses,2026-06-01,1091079.79
Dresses,2026-07-01,34587.21
Dresses,2026-08-01,21526.01
Dresses,2026-09-01,9220.59
Dresses,2026-10-01,13580.14
Dresses,2026-11-01,0.0
Drone Accessories,2025-12-01,1089.11
Drone Accessories,2026-01-01,951.79
Drone Accessories,2026-02-01,962.19
Drone Accessories,2026-03-01,961.71
Drone Accessories,2026-04-01,5864.85
Drone Accessories,2026-05-01,816.18
Drone Accessories,2026-06-01,832.45
Drone Accessories,2026-07-01,864.45
Drone Accessories,2026-08-01,889.59
Drone Accessories,2026-09-01,5068.77
Drone Accessories,2026-10-01,800.98
Drone Accessories,2026-11-01,827.32
Drones,2025-12-01,0.0
Drones,2026-01-01,0.0
Drones,2026-02-01,963.01
Drones,2026-03-01,3184.02
Drones,2026-04-01,31098.9
Drones,2026-05-01,22276.27
Drones,2026-06-01,10376.54
Drones,2026-07-01,12579.01
Drones,2026-08-01,22770.86
Drones,2026-09-01,20524.54
Drones,2026-10-01,26872.19
Drones,2026-11-01,10841.86
E,2025-12-01,67196.36
E,2026-01-01,67415.87
E,2026-02-01,68631.65
E,2026-03-01,77456.99
E,2026-04-01,75290.3
E,2026-05-01,82536.86
E,2026-06-01,86470.43
E,2026-07-01,90019.94
E,2026-08-01,94621.5
E,2026-09-01,94095.66
E,2026-10-01,106249.99
E,2026-11-01,111864.18
"Earphones, Headphones & Headsets",2025-12-01,2603113.71
"Earphones, Headphones & Headsets",2026-01-01,1742888.76
"Earphones, Headphones & Headsets",2026-02-01,2697458.44
"Earphones, Headphones & Headsets",2026-03-01,5143838.16
"Earphones, Headphones & Headsets",2026-04-01,5859622.73
"Earphones, Headphones & Headsets",2026-05-01,5038646.99
"Earphones, Headphones & Headsets",2026-06-01,3249805.89
"Earphones, Headphones & Headsets",2026-07-01,5652254.14
"Earphones, Headphones & Headsets",2026-08-01,4605200.49
"Earphones, Headphones & Headsets",2026-09-01,4453407.89
"Earphones, Headphones & Headsets",2026-10-01,6215385.64
"Earphones, Headphones & Headsets",2026-11-01,6394864.76
Earrings,2025-12-01,350601.73
Earrings,2026-01-01,382629.22
Earrings,2026-02-01,395164.67
Earrings,2026-03-01,449032.68
Earrings,2026-04-01,464652.56
Earrings,2026-05-01,313844.93
Earrings,2026-06-01,203740.91
Earrings,2026-07-01,359585.1
Earrings,2026-08-01,454516.81
Earrings,2026-09-01,0.0
Earrings,2026-10-01,545596.96
Earrings,2026-11-01,576040.94
Electrical Circuitry & Parts,2025-12-01,1829236.5
Electrical Circuitry & Parts,2026-01-01,2022432.36
Electrical Circuitry & Parts,2026-02-01,2196819.23
Electrical Circuitry & Parts,2026-03-01,2823918.32
Electrical Circuitry & Parts,2026-04-01,3145154.52
Electrical Circuitry & Parts,2026-05-01,3209036.57
Electrical Circuitry & Parts,2026-06-01,3500121.05
Electrical Circuitry & Parts,2026-07-01,4880965.16
Electrical Circuitry & Parts,2026-08-01,5512469.41
Electrical Circuitry & Parts,2026-09-01,5876300.2
Electrical Circuitry & Parts,2026-10-01,6869572.42
Electrical Circuitry & Parts,2026-11-01,8152482.16
Events & Attractions,2025-12-01,0.0
Events & Attractions,2026-01-01,0.0
Events & Attractions,2026-02-01,0.0
Events & Attractions,2026-03-01,0.0
Events & Attractions,2026-04-01,0.0
Events & Attractions,2026-05-01,0.0
Events & Attractions,2026-06-01,0.0
Events & Attractions,2026-07-01,0.0
Events & Attractions,2026-08-01,0.0
Events & Attractions,2026-09-01,0.0
Events & Attractions,2026-10-01,0.0
Events & Attractions,2026-11-01,0.0
Eyewear,2025-12-01,1043350.86
Eyewear,2026-01-01,987089.88
Eyewear,2026-02-01,969614.44
Eyewear,2026-03-01,1147178.25
Eyewear,2026-04-01,1017553.26
Eyewear,2026-05-01,912556.95
Eyewear,2026-06-01,931995.33
Eyewear,2026-07-01,1102024.73
Eyewear,2026-08-01,1006085.56
Eyewear,2026-09-01,0.0
Eyewear,2026-10-01,1087068.1
Eyewear,2026-11-01,1128641.75
Fabric,2025-12-01,291443.8
Fabric,2026-01-01,252142.78
Fabric,2026-02-01,294624.8
Fabric,2026-03-01,262819.44
Fabric,2026-04-01,478881.73
Fabric,2026-05-01,653838.45
Fabric,2026-06-01,715212.95
Fabric,2026-07-01,226788.43
Fabric,2026-08-01,252604.4
Fabric,2026-09-01,302342.71
Fabric,2026-10-01,273737.87
Fabric,2026-11-01,227947.47
Feeding Essentials,2025-12-01,4513916.52
Feeding Essentials,2026-01-01,4366676.47
Feeding Essentials,2026-02-01,4463722.43
Feeding Essentials,2026-03-01,5452381.0
Feeding Essentials,2026-04-01,5225665.48
Feeding Essentials,2026-05-01,5242652.73
Feeding Essentials,2026-06-01,5083843.51
Feeding Essentials,2026-07-01,5320702.18
Feeding Essentials,2026-08-01,5483235.28
Feeding Essentials,2026-09-01,5334241.76
Feeding Essentials,2026-10-01,6179256.5
Feeding Essentials,2026-11-01,6957489.09
Fengshui & Religious Supplies,2025-12-01,221309.56
Fengshui & Religious Supplies,2026-01-01,196000.67
Fengshui & Religious Supplies,2026-02-01,103018.37
Fengshui & Religious Supplies,2026-03-01,82281.79
Fengshui & Religious Supplies,2026-04-01,95220.59
Fengshui & Religious Supplies,2026-05-01,108154.1
Fengshui & Religious Supplies,2026-06-01,102452.04
Fengshui & Religious Supplies,2026-07-01,74321.49
Fengshui & Religious Supplies,2026-08-01,109157.09
Fengshui & Religious Supplies,2026-09-01,112130.34
Fengshui & Religious Supplies,2026-10-01,186439.41
Fengshui & Religious Supplies,2026-11-01,156603.26
Flat Sandals & Flip Flops,2025-12-01,654869.44
Flat Sandals & Flip Flops,2026-01-01,479613.92
Flat Sandals & Flip Flops,2026-02-01,389397.11
Flat Sandals & Flip Flops,2026-03-01,646972.55
Flat Sandals & Flip Flops,2026-04-01,588156.61
Flat Sandals & Flip Flops,2026-05-01,655751.81
Flat Sandals & Flip Flops,2026-06-01,1101777.34
Flat Sandals & Flip Flops,2026-07-01,621692.47
Flat Sandals & Flip Flops,2026-08-01,749172.65
Flat Sandals & Flip Flops,2026-09-01,587198.48
Flat Sandals & Flip Flops,2026-10-01,569023.66
Flat Sandals & Flip Flops,2026-11-01,626162.06
Flats,2025-12-01,55046.31
Flats,2026-01-01,0.0
Flats,2026-02-01,0.0
Flats,2026-03-01,0.0
Flats,2026-04-01,0.0
Flats,2026-05-01,79182.91
Flats,2026-06-01,878341.78
Flats,2026-07-01,33390.0
Flats,2026-08-01,0.0
Flats,2026-09-01,0.0
Flats,2026-10-01,0.0
Flats,2026-11-01,29842.07
Food Staples,2025-12-01,1362913.44
Food Staples,2026-01-01,1613025.98
Food Staples,2026-02-01,1741861.51
Food Staples,2026-03-01,1852999.19
Food Staples,2026-04-01,1875640.41
Food Staples,2026-05-01,1918598.64
Food Staples,2026-06-01,1925196.59
Food Staples,2026-07-01,1888017.45
Food Staples,2026-08-01,1954340.15
Food Staples,2026-09-01,1990791.6
Food Staples,2026-10-01,1880525.22
Food Staples,2026-11-01,1738716.79
Food Supplement,2025-12-01,851003.92
Food Supplement,2026-01-01,1292999.34
Food Supplement,2026-02-01,844404.32
Food Supplement,2026-03-01,1799664.16
Food Supplement,2026-04-01,1189053.8
Food Supplement,2026-05-01,1954166.19
Food Supplement,2026-06-01,896500.09
Food Supplement,2026-07-01,2012834.91
Food Supplement,2026-08-01,1164786.3
Food Supplement,2026-09-01,2142150.12
Food Supplement,2026-10-01,1431526.9
Food Supplement,2026-11-01,2273913.0
Fresh & Frozen Food,2025-12-01,2332.1
Fresh & Frozen Food,2026-01-01,1524.89
Fresh & Frozen Food,2026-02-01,0.0
Fresh & Frozen Food,2026-03-01,63.78
Fresh & Frozen Food,2026-04-01,2924.81
Fresh & Frozen Food,2026-05-01,453.03
Fresh & Frozen Food,2026-06-01,11759.67
Fresh & Frozen Food,2026-07-01,0.0
Fresh & Frozen Food,2026-08-01,280.15
Fresh & Frozen Food,2026-09-01,2921.96
Fresh & Frozen Food,2026-10-01,0.0
Fresh & Frozen Food,2026-11-01,0.0
Furniture,2025-12-01,4680789.63
Furniture,2026-01-01,5226611.03
Furniture,2026-02-01,6550832.0
Furniture,2026-03-01,7369365.59
Furniture,2026-04-01,8902889.3
Furniture,2026-05-01,10471251.97
Furniture,2026-06-01,13016792.23
Furniture,2026-07-01,14969570.32
Furniture,2026-08-01,18463915.04
Furniture,2026-09-01,22465250.48
Furniture,2026-10-01,27006656.75
Furniture,2026-11-01,32406872.96
Gardening,2025-12-01,1550898.48
Gardening,2026-01-01,1547649.21
Gardening,2026-02-01,1527667.93
Gardening,2026-03-01,1808890.3
Gardening,2026-04-01,1903719.56
Gardening,2026-05-01,1766421.25
Gardening,2026-06-01,1769314.71
Gardening,2026-07-01,1881383.93
Gardening,2026-08-01,1941840.87
Gardening,2026-09-01,1987017.29
Gardening,2026-10-01,2023596.49
Gardening,2026-11-01,2045045.22
Gift & Wrapping,2025-12-01,25703373.46
Gift & Wrapping,2026-01-01,37008030.32
Gift & Wrapping,2026-02-01,56297903.96
Gift & Wrapping,2026-03-01,85293332.85
Gift & Wrapping,2026-04-01,132170966.27
Gift & Wrapping,2026-05-01,204809667.91
Gift & Wrapping,2026-06-01,319392581.3
Gift & Wrapping,2026-07-01,488234886.0
Gift & Wrapping,2026-08-01,756136802.37
Gift & Wrapping,2026-09-01,1172058239.23
Gift & Wrapping,2026-10-01,1814531400.08
Gift & Wrapping,2026-11-01,2811790482.8
Gift Set & Hampers,2025-12-01,15960.29
Gift Set & Hampers,2026-01-01,30840.0
Gift Set & Hampers,2026-02-01,36008.8
Gift Set & Hampers,2026-03-01,28183.55
Gift Set & Hampers,2026-04-01,39372.41
Gift Set & Hampers,2026-05-01,38470.94
Gift Set & Hampers,2026-06-01,29189.55
Gift Set & Hampers,2026-07-01,39821.41
Gift Set & Hampers,2026-08-01,41120.11
Gift Set & Hampers,2026-09-01,39594.53
Gift Set & Hampers,2026-10-01,34436.53
Gift Set & Hampers,2026-11-01,8999.29
Gift Sets & Packages,2025-12-01,4545.54
Gift Sets & Packages,2026-01-01,2350.84
Gift Sets & Packages,2026-02-01,1214.6
Gift Sets & Packages,2026-03-01,56.07
Gift Sets & Packages,2026-04-01,169.76
Gift Sets & Packages,2026-05-01,893.15
Gift Sets & Packages,2026-06-01,1021.83
Gift Sets & Packages,2026-07-01,1544.47
Gift Sets & Packages,2026-08-01,1380.91
Gift Sets & Packages,2026-09-01,1734.83
Gift Sets & Packages,2026-10-01,3890.77
Gift Sets & Packages,2026-11-01,2804.05
Girl Clothes,2025-12-01,129668.8
Girl Clothes,2026-01-01,0.0
Girl Clothes,2026-02-01,0.0
Girl Clothes,2026-03-01,0.0
Girl Clothes,2026-04-01,0.0
Girl Clothes,2026-05-01,0.0
Girl Clothes,2026-06-01,668555.59
Girl Clothes,2026-07-01,0.0
Girl Clothes,2026-08-01,0.0
Girl Clothes,2026-09-01,0.0
Girl Clothes,2026-10-01,0.0
Girl Clothes,2026-11-01,0.0
Girl Shoes,2025-12-01,199297.53
Girl Shoes,2026-01-01,14795.76
Girl Shoes,2026-02-01,660.21
Girl Shoes,2026-03-01,29561.33
Girl Shoes,2026-04-01,152860.05
Girl Shoes,2026-05-01,57913.88
Girl Shoes,2026-06-01,293334.65
Girl Shoes,2026-07-01,87610.14
Girl Shoes,2026-08-01,20372.08
Girl Shoes,2026-09-01,130080.97
Girl Shoes,2026-10-01,45791.11
Girl Shoes,2026-11-01,4362.75
Gloves,2025-12-01,40804.13
Gloves,2026-01-01,37452.25
Gloves,2026-02-01,43138.82
Gloves,2026-03-01,40046.54
Gloves,2026-04-01,39758.36
Gloves,2026-05-01,57722.04
Gloves,2026-06-01,69221.01
Gloves,2026-07-01,32947.79
Gloves,2026-08-01,40233.85
Gloves,2026-09-01,274362.51
Gloves,2026-10-01,57859.66
Gloves,2026-11-01,75328.66
Hair Accessories,2025-12-01,2154271.58
Hair Accessories,2026-01-01,1637489.01
Hair Accessories,2026-02-01,1516182.57
Hair Accessories,2026-03-01,1458881.35
Hair Accessories,2026-04-01,1277544.54
Hair Accessories,2026-05-01,1172051.59
Hair Accessories,2026-06-01,1237435.19
Hair Accessories,2026-07-01,861896.25
Hair Accessories,2026-08-01,997806.48
Hair Accessories,2026-09-01,3022189.84
Hair Accessories,2026-10-01,1086484.89
Hair Accessories,2026-11-01,1395410.33
Hair Care,2025-12-01,5560997.29
Hair Care,2026-01-01,7401749.23
Hair Care,2026-02-01,9850603.63
Hair Care,2026-03-01,13334111.96
Hair Care,2026-04-01,17796558.96
Hair Care,2026-05-01,23614370.3
Hair Care,2026-06-01,31235526.98
Hair Care,2026-07-01,41580180.12
Hair Care,2026-08-01,55074380.22
Hair Care,2026-09-01,72818621.48
Hair Care,2026-10-01,96374802.3
Hair Care,2026-11-01,127462379.64
"Hand Warmers, Hot Water Bags & Ice Bags",2025-12-01,1107510.65
"Hand Warmers, Hot Water Bags & Ice Bags",2026-01-01,1835963.96
"Hand Warmers, Hot Water Bags & Ice Bags",2026-02-01,3042949.74
"Hand Warmers, Hot Water Bags & Ice Bags",2026-03-01,4994688.98
"Hand Warmers, Hot Water Bags & Ice Bags",2026-04-01,8194569.37
"Hand Warmers, Hot Water Bags & Ice Bags",2026-05-01,13412645.59
"Hand Warmers, Hot Water Bags & Ice Bags",2026-06-01,21995770.08
"Hand Warmers, Hot Water Bags & Ice Bags",2026-07-01,36086192.08
"Hand Warmers, Hot Water Bags & Ice Bags",2026-08-01,59255530.51
"Hand Warmers, Hot Water Bags & Ice Bags",2026-09-01,97454720.49
"Hand Warmers, Hot Water Bags & Ice Bags",2026-10-01,159703253.43
"Hand Warmers, Hot Water Bags & Ice Bags",2026-11-01,262250347.94
"Hand, Foot & Nail Care",2025-12-01,0.0
"Hand, Foot & Nail Care",2026-01-01,461163.02
"Hand, Foot & Nail Care",2026-02-01,1076349.72
"Hand, Foot & Nail Care",2026-03-01,1196952.24
"Hand, Foot & Nail Care",2026-04-01,2229965.75
"Hand, Foot & Nail Care",2026-05-01,2901536.63
"Hand, Foot & Nail Care",2026-06-01,717345.22
"Hand, Foot & Nail Care",2026-07-01,405269.57
"Hand, Foot & Nail Care",2026-08-01,2257559.61
"Hand, Foot & Nail Care",2026-09-01,4070666.51
"Hand, Foot & Nail Care",2026-10-01,2614182.83
"Hand, Foot & Nail Care",2026-11-01,983403.76
Hats & Caps,2025-12-01,463103.25
Hats & Caps,2026-01-01,336448.94
Hats & Caps,2026-02-01,369244.1
Hats & Caps,2026-03-01,249326.56
Hats & Caps,2026-04-01,496447.17
Hats & Caps,2026-05-01,610305.52
Hats & Caps,2026-06-01,995275.59
Hats & Caps,2026-07-01,286026.24
Hats & Caps,2026-08-01,333493.1
Hats & Caps,2026-09-01,954305.09
Hats & Caps,2026-10-01,404933.34
Hats & Caps,2026-11-01,207895.07
Heels,2025-12-01,95945.24
Heels,2026-01-01,74348.19
Heels,2026-02-01,73432.96
Heels,2026-03-01,144236.45
Heels,2026-04-01,111154.4
Heels,2026-05-01,155341.24
Heels,2026-06-01,191140.92
Heels,2026-07-01,137711.6
Heels,2026-08-01,125865.54
Heels,2026-09-01,114192.2
Heels,2026-10-01,106704.39
Heels,2026-11-01,107402.95
Home Audio & Speakers,2025-12-01,107023.56
Home Audio & Speakers,2026-01-01,158847.89
Home Audio & Speakers,2026-02-01,260746.3
Home Audio & Speakers,2026-03-01,241953.29
Home Audio & Speakers,2026-04-01,381730.12
Home Audio & Speakers,2026-05-01,468789.27
Home Audio & Speakers,2026-06-01,320035.3
Home Audio & Speakers,2026-07-01,348174.36
Home Audio & Speakers,2026-08-01,301654.43
Home Audio & Speakers,2026-09-01,163474.35
Home Audio & Speakers,2026-10-01,330098.58
Home Audio & Speakers,2026-11-01,328747.64
Home Care Supplies,2025-12-01,67108527.53
Home Care Supplies,2026-01-01,142675895.23
Home Care Supplies,2026-02-01,306853900.44
Home Care Supplies,2026-03-01,665164268.06
Home Care Supplies,2026-04-01,1449333383.61
Home Care Supplies,2026-05-01,3162231129.92
Home Care Supplies,2026-06-01,6905544481.25
Home Care Supplies,2026-07-01,15074484791.86
Home Care Supplies,2026-08-01,32926917700.66
Home Care Supplies,2026-09-01,71927322578.0
Home Care Supplies,2026-10-01,157122896402.3
Home Care Supplies,2026-11-01,343248104971.04
Home Fragrance & Aromatherapy,2025-12-01,1165594.43
Home Fragrance & Aromatherapy,2026-01-01,1060359.81
Home Fragrance & Aromatherapy,2026-02-01,1065581.07
Home Fragrance & Aromatherapy,2026-03-01,946580.62
Home Fragrance & Aromatherapy,2026-04-01,1094241.51
Home Fragrance & Aromatherapy,2026-05-01,1098841.18
Home Fragrance & Aromatherapy,2026-06-01,1532567.75
Home Fragrance & Aromatherapy,2026-07-01,1226758.39
Home Fragrance & Aromatherapy,2026-08-01,1308562.34
Home Fragrance & Aromatherapy,2026-09-01,1889685.1
Home Fragrance & Aromatherapy,2026-10-01,1113085.33
Home Fragrance & Aromatherapy,2026-11-01,1151683.69
Home Organizers,2025-12-01,22217749.2
Home Organizers,2026-01-01,20924623.87
Home Organizers,2026-02-01,21763074.92
Home Organizers,2026-03-01,21325676.78
Home Organizers,2026-04-01,22391032.19
Home Organizers,2026-05-01,27177646.88
Home Organizers,2026-06-01,27482419.1
Home Organizers,2026-07-01,23718898.42
Home Organizers,2026-08-01,23139555.42
Home Organizers,2026-09-01,33082894.44
Home Organizers,2026-10-01,20451689.55
Home Organizers,2026-11-01,22181138.47
Hoodies & Sweatshirts,2025-12-01,206988.85
Hoodies & Sweatshirts,2026-01-01,118679.42
Hoodies & Sweatshirts,2026-02-01,117115.36
Hoodies & Sweatshirts,2026-03-01,81365.58
Hoodies & Sweatshirts,2026-04-01,71742.46
Hoodies & Sweatshirts,2026-05-01,186940.12
Hoodies & Sweatshirts,2026-06-01,703916.98
Hoodies & Sweatshirts,2026-07-01,85857.26
Hoodies & Sweatshirts,2026-08-01,83441.3
Hoodies & Sweatshirts,2026-09-01,76441.92
Hoodies & Sweatshirts,2026-10-01,32347.91
Hoodies & Sweatshirts,2026-11-01,63082.86
Innerwear & Underwear,2025-12-01,337936.1
Innerwear & Underwear,2026-01-01,294805.68
Innerwear & Underwear,2026-02-01,269668.16
Innerwear & Underwear,2026-03-01,84775.99
Innerwear & Underwear,2026-04-01,343747.32
Innerwear & Underwear,2026-05-01,396459.29
Innerwear & Underwear,2026-06-01,1226101.56
Innerwear & Underwear,2026-07-01,406269.06
Innerwear & Underwear,2026-08-01,301280.77
Innerwear & Underwear,2026-09-01,813014.29
Innerwear & Underwear,2026-10-01,225293.93
Innerwear & Underwear,2026-11-01,273597.73
Investment Precious Metals,2025-12-01,21543.28
Investment Precious Metals,2026-01-01,17665.86
Investment Precious Metals,2026-02-01,10695.42
Investment Precious Metals,2026-03-01,47010.65
Investment Precious Metals,2026-04-01,47429.81
Investment Precious Metals,2026-05-01,44829.29
Investment Precious Metals,2026-06-01,22048.05
Investment Precious Metals,2026-07-01,20407.23
Investment Precious Metals,2026-08-01,0.0
Investment Precious Metals,2026-09-01,34237.63
Investment Precious Metals,2026-10-01,68507.23
Investment Precious Metals,2026-11-01,6951.12
"Jackets, Coats & Vests",2025-12-01,219302.81
"Jackets, Coats & Vests",2026-01-01,183651.79
"Jackets, Coats & Vests",2026-02-01,148258.14
"Jackets, Coats & Vests",2026-03-01,146699.8
"Jackets, Coats & Vests",2026-04-01,128270.19
"Jackets, Coats & Vests",2026-05-01,147489.4
"Jackets, Coats & Vests",2026-06-01,259307.54
"Jackets, Coats & Vests",2026-07-01,135890.8
"Jackets, Coats & Vests",2026-08-01,127370.33
"Jackets, Coats & Vests",2026-09-01,128634.09
"Jackets, Coats & Vests",2026-10-01,118578.26
"Jackets, Coats & Vests",2026-11-01,153756.13
Jeans,2025-12-01,486798.5
Jeans,2026-01-01,335986.36
Jeans,2026-02-01,311689.22
Jeans,2026-03-01,258081.99
Jeans,2026-04-01,239801.68
Jeans,2026-05-01,479419.14
Jeans,2026-06-01,649144.42
Jeans,2026-07-01,185457.79
Jeans,2026-08-01,184607.75
Jeans,2026-09-01,142740.96
Jeans,2026-10-01,121099.03
Jeans,2026-11-01,90474.88
"Jumpsuits, Playsuits & Overalls",2025-12-01,48703.74
"Jumpsuits, Playsuits & Overalls",2026-01-01,26085.45
"Jumpsuits, Playsuits & Overalls",2026-02-01,17499.1
"Jumpsuits, Playsuits & Overalls",2026-03-01,26152.36
"Jumpsuits, Playsuits & Overalls",2026-04-01,29107.07
"Jumpsuits, Playsuits & Overalls",2026-05-01,58548.16
"Jumpsuits, Playsuits & Overalls",2026-06-01,75892.93
"Jumpsuits, Playsuits & Overalls",2026-07-01,27298.95
"Jumpsuits, Playsuits & Overalls",2026-08-01,0.0
"Jumpsuits, Playsuits & Overalls",2026-09-01,9890.76
"Jumpsuits, Playsuits & Overalls",2026-10-01,13385.94
"Jumpsuits, Playsuits & Overalls",2026-11-01,15713.44
Keyboards & Mice,2025-12-01,25627.19
Keyboards & Mice,2026-01-01,0.0
Keyboards & Mice,2026-02-01,30341.63
Keyboards & Mice,2026-03-01,0.0
Keyboards & Mice,2026-04-01,88263.06
Keyboards & Mice,2026-05-01,88587.49
Keyboards & Mice,2026-06-01,284392.23
Keyboards & Mice,2026-07-01,60457.48
Keyboards & Mice,2026-08-01,120320.7
Keyboards & Mice,2026-09-01,345918.36
Keyboards & Mice,2026-10-01,32435.18
Keyboards & Mice,2026-11-01,144865.34
Kitchen Appliances,2025-12-01,962409.63
Kitchen Appliances,2026-01-01,886245.75
Kitchen Appliances,2026-02-01,805765.1
Kitchen Appliances,2026-03-01,797411.66
Kitchen Appliances,2026-04-01,627011.71
Kitchen Appliances,2026-05-01,549478.95
Kitchen Appliances,2026-06-01,610935.66
Kitchen Appliances,2026-07-01,457543.89
Kitchen Appliances,2026-08-01,635426.37
Kitchen Appliances,2026-09-01,573567.15
Kitchen Appliances,2026-10-01,510657.27
Kitchen Appliances,2026-11-01,543790.25
Kitchenware,2025-12-01,0.0
Kitchenware,2026-01-01,0.0
Kitchenware,2026-02-01,30974726.1
Kitchenware,2026-03-01,117503848.23
Kitchenware,2026-04-01,262116226.74
Kitchenware,2026-05-01,497243357.78
Kitchenware,2026-06-01,871858394.01
Kitchenware,2026-07-01,1464909830.26
Kitchenware,2026-08-01,2389687585.58
Kitchenware,2026-09-01,3829109183.27
Kitchenware,2026-10-01,6067586940.89
Kitchenware,2026-11-01,9542414029.21
Laptop Bags,2025-12-01,40490.73
Laptop Bags,2026-01-01,49450.92
Laptop Bags,2026-02-01,52861.95
Laptop Bags,2026-03-01,54926.39
Laptop Bags,2026-04-01,56374.91
Laptop Bags,2026-05-01,124168.52
Laptop Bags,2026-06-01,122203.16
Laptop Bags,2026-07-01,58244.47
Laptop Bags,2026-08-01,54088.21
Laptop Bags,2026-09-01,73236.11
Laptop Bags,2026-10-01,13138.41
Laptop Bags,2026-11-01,75539.49
Laptops,2025-12-01,0.0
Laptops,2026-01-01,0.0
Laptops,2026-02-01,0.0
Laptops,2026-03-01,0.0
Laptops,2026-04-01,0.0
Laptops,2026-05-01,0.0
Laptops,2026-06-01,0.0
Laptops,2026-07-01,0.0
Laptops,2026-08-01,0.0
Laptops,2026-09-01,0.0
Laptops,2026-10-01,0.0
Laptops,2026-11-01,0.0
Large Household Appliances,2025-12-01,1020593.52
Large Household Appliances,2026-01-01,928745.97
Large Household Appliances,2026-02-01,959890.19
Large Household Appliances,2026-03-01,1070743.48
Large Household Appliances,2026-04-01,1655833.53
Large Household Appliances,2026-05-01,1907920.48
Large Household Appliances,2026-06-01,2731259.51
Large Household Appliances,2026-07-01,1900744.61
Large Household Appliances,2026-08-01,1908330.41
Large Household Appliances,2026-09-01,1543624.52
Large Household Appliances,2026-10-01,1385677.32
Large Household Appliances,2026-11-01,1182440.15
Lens Accessories,2025-12-01,122.23
Lens Accessories,2026-01-01,125.81
Lens Accessories,2026-02-01,3237.85
Lens Accessories,2026-03-01,138.79
Lens Accessories,2026-04-01,142.22
Lens Accessories,2026-05-01,116.55
Lens Accessories,2026-06-01,0.0
Lens Accessories,2026-07-01,0.0
Lens Accessories,2026-08-01,0.0
Lens Accessories,2026-09-01,0.0
Lens Accessories,2026-10-01,0.0
Lens Accessories,2026-11-01,0.0
Lenses,2025-12-01,489.22
Lenses,2026-01-01,0.0
Lenses,2026-02-01,0.0
Lenses,2026-03-01,0.0
Lenses,2026-04-01,0.0
Lenses,2026-05-01,0.0
Lenses,2026-06-01,0.0
Lenses,2026-07-01,571.25
Lenses,2026-08-01,25.05
Lenses,2026-09-01,0.0
Lenses,2026-10-01,75.36
Lenses,2026-11-01,0.0
Letters & Envelopes,2025-12-01,174206.69
Letters & Envelopes,2026-01-01,108331.15
Letters & Envelopes,2026-02-01,107920.5
Letters & Envelopes,2026-03-01,160135.53
Letters & Envelopes,2026-04-01,172353.43
Letters & Envelopes,2026-05-01,190070.14
Letters & Envelopes,2026-06-01,202014.92
Letters & Envelopes,2026-07-01,160138.62
Letters & Envelopes,2026-08-01,166452.63
Letters & Envelopes,2026-09-01,173385.52
Letters & Envelopes,2026-10-01,162419.18
Letters & Envelopes,2026-11-01,172083.48
Lighting,2025-12-01,101953480.18
Lighting,2026-01-01,225374322.55
Lighting,2026-02-01,503986721.24
Lighting,2026-03-01,1126351762.29
Lighting,2026-04-01,2533616764.65
Lighting,2026-05-01,5684263126.76
Lighting,2026-06-01,12753512293.62
Lighting,2026-07-01,28606088766.33
Lighting,2026-08-01,64189251676.59
Lighting,2026-09-01,144011192460.62
Lighting,2026-10-01,323074395704.8
Lighting,2026-11-01,724873013526.28
Lingerie & Underwear,2025-12-01,2019708.33
Lingerie & Underwear,2026-01-01,2069382.12
Lingerie & Underwear,2026-02-01,1925605.88
Lingerie & Underwear,2026-03-01,2482509.39
Lingerie & Underwear,2026-04-01,2637578.44
Lingerie & Underwear,2026-05-01,3020691.57
Lingerie & Underwear,2026-06-01,4141915.53
Lingerie & Underwear,2026-07-01,2807270.47
Lingerie & Underwear,2026-08-01,2382316.38
Lingerie & Underwear,2026-09-01,4293399.83
Lingerie & Underwear,2026-10-01,2100238.56
Lingerie & Underwear,2026-11-01,2439187.87
Litter & Toilet,2025-12-01,55184230751.31
Litter & Toilet,2026-01-01,5285779656230.19
Litter & Toilet,2026-02-01,506290817193609.5
Litter & Toilet,2026-03-01,4.849433730141123e+16
Litter & Toilet,2026-04-01,4.64496029959355e+18
Litter & Toilet,2026-05-01,4.449108367007903e+20
Litter & Toilet,2026-06-01,4.261514412319538e+22
Litter & Toilet,2026-07-01,4.08183024290331e+24
Litter & Toilet,2026-08-01,3.9097223474627034e+26
Litter & Toilet,2026-09-01,3.74487127700263e+28
Litter & Toilet,2026-10-01,3.586971051901044e+30
Litter & Toilet,2026-11-01,3.4357285939809994e+32
Loafers & Boat Shoes,2025-12-01,5656.35
Loafers & Boat Shoes,2026-01-01,8747.08
Loafers & Boat Shoes,2026-02-01,9259.34
Loafers & Boat Shoes,2026-03-01,9594.06
Loafers & Boat Shoes,2026-04-01,9140.66
Loafers & Boat Shoes,2026-05-01,13831.01
Loafers & Boat Shoes,2026-06-01,45135.61
Loafers & Boat Shoes,2026-07-01,12524.06
Loafers & Boat Shoes,2026-08-01,13059.56
Loafers & Boat Shoes,2026-09-01,9670.19
Loafers & Boat Shoes,2026-10-01,9599.1
Loafers & Boat Shoes,2026-11-01,11011.93
Luggage,2025-12-01,21089.3
Luggage,2026-01-01,29961.35
Luggage,2026-02-01,15363.24
Luggage,2026-03-01,20707.9
Luggage,2026-04-01,34508.31
Luggage,2026-05-01,37542.72
Luggage,2026-06-01,40882.99
Luggage,2026-07-01,38606.55
Luggage,2026-08-01,35951.67
Luggage,2026-09-01,40193.34
Luggage,2026-10-01,31789.4
Luggage,2026-11-01,24500.0
Magazines & Newspaper,2025-12-01,0.0
Magazines & Newspaper,2026-01-01,0.0
Magazines & Newspaper,2026-02-01,0.0
Magazines & Newspaper,2026-03-01,0.0
Magazines & Newspaper,2026-04-01,0.0
Magazines & Newspaper,2026-05-01,0.0
Magazines & Newspaper,2026-06-01,0.0
Magazines & Newspaper,2026-07-01,0.0
Magazines & Newspaper,2026-08-01,298.49
Magazines & Newspaper,2026-09-01,1019.57
Magazines & Newspaper,2026-10-01,330.21
Magazines & Newspaper,2026-11-01,339.37
Makeup,2025-12-01,0.0
Makeup,2026-01-01,2692571.35
Makeup,2026-02-01,5440792.76
Makeup,2026-03-01,23465960.22
Makeup,2026-04-01,19043527.68
Makeup,2026-05-01,11995153.49
Makeup,2026-06-01,0.0
Makeup,2026-07-01,0.0
Makeup,2026-08-01,8974290.45
Makeup,2026-09-01,0.0
Makeup,2026-10-01,30244069.09
Makeup,2026-11-01,18335650.66
Maternity Accessories,2025-12-01,22799.8
Maternity Accessories,2026-01-01,0.0
Maternity Accessories,2026-02-01,31821.69
Maternity Accessories,2026-03-01,0.0
Maternity Accessories,2026-04-01,45542.15
Maternity Accessories,2026-05-01,0.0
Maternity Accessories,2026-06-01,76198.06
Maternity Accessories,2026-07-01,0.0
Maternity Accessories,2026-08-01,105478.11
Maternity Accessories,2026-09-01,0.0
Maternity Accessories,2026-10-01,161910.13
Maternity Accessories,2026-11-01,0.0
Maternity Healthcare,2025-12-01,8069.26
Maternity Healthcare,2026-01-01,7287.7
Maternity Healthcare,2026-02-01,17863.26
Maternity Healthcare,2026-03-01,8529.5
Maternity Healthcare,2026-04-01,26814.83
Maternity Healthcare,2026-05-01,23017.4
Maternity Healthcare,2026-06-01,23761.97
Maternity Healthcare,2026-07-01,15016.9
Maternity Healthcare,2026-08-01,21189.28
Maternity Healthcare,2026-09-01,57184.67
Maternity Healthcare,2026-10-01,35596.69
Maternity Healthcare,2026-11-01,17348.83
Maternity Wear,2025-12-01,0.0
Maternity Wear,2026-01-01,0.0
Maternity Wear,2026-02-01,0.0
Maternity Wear,2026-03-01,10909.28
Maternity Wear,2026-04-01,91167.17
Maternity Wear,2026-05-01,342036.93
Maternity Wear,2026-06-01,626112.99
Maternity Wear,2026-07-01,100353.67
Maternity Wear,2026-08-01,123091.17
Maternity Wear,2026-09-01,2137319.38
Maternity Wear,2026-10-01,51006.43
Maternity Wear,2026-11-01,0.0
Media Players,2025-12-01,3107.02
Media Players,2026-01-01,646.56
Media Players,2026-02-01,1111.14
Media Players,2026-03-01,1102.64
Media Players,2026-04-01,3603.49
Media Players,2026-05-01,5224.56
Media Players,2026-06-01,1446.73
Media Players,2026-07-01,2579.99
Media Players,2026-08-01,1657.37
Media Players,2026-09-01,24489.53
Media Players,2026-10-01,3424.19
Media Players,2026-11-01,8030.38
Medical Supplies,2025-12-01,12285090.85
Medical Supplies,2026-01-01,17301215.41
Medical Supplies,2026-02-01,13918138.2
Medical Supplies,2026-03-01,16989228.73
Medical Supplies,2026-04-01,14835882.52
Medical Supplies,2026-05-01,19096363.69
Medical Supplies,2026-06-01,17644986.55
Medical Supplies,2026-07-01,18902355.74
Medical Supplies,2026-08-01,16765529.0
Medical Supplies,2026-09-01,27975558.28
Medical Supplies,2026-10-01,22044888.46
Medical Supplies,2026-11-01,29661416.74
Men Muslim Wear,2025-12-01,4096.5
Men Muslim Wear,2026-01-01,3842.98
Men Muslim Wear,2026-02-01,3946.86
Men Muslim Wear,2026-03-01,3984.67
Men Muslim Wear,2026-04-01,4017.58
Men Muslim Wear,2026-05-01,4041.69
Men Muslim Wear,2026-06-01,4060.43
Men Muslim Wear,2026-07-01,4075.37
Men Muslim Wear,2026-08-01,4087.68
Men Muslim Wear,2026-09-01,26608.98
Men Muslim Wear,2026-10-01,3701.03
Men Muslim Wear,2026-11-01,3766.28
Men Watches,2025-12-01,106386.27
Men Watches,2026-01-01,47382.05
Men Watches,2026-02-01,32976.35
Men Watches,2026-03-01,31975.09
Men Watches,2026-04-01,61854.8
Men Watches,2026-05-01,92555.74
Men Watches,2026-06-01,217019.37
Men Watches,2026-07-01,104619.48
Men Watches,2026-08-01,104107.52
Men Watches,2026-09-01,851460.4
Men Watches,2026-10-01,52549.44
Men Watches,2026-11-01,62838.25
Men's Care,2025-12-01,1479444.07
Men's Care,2026-01-01,1613021.49
Men's Care,2026-02-01,1757756.94
Men's Care,2026-03-01,1887444.14
Men's Care,2026-04-01,2171707.63
Men's Care,2026-05-01,2321045.55
Men's Care,2026-06-01,2482689.42
Men's Care,2026-07-01,2687427.35
Men's Care,2026-08-01,2849937.24
Men's Care,2026-09-01,2787109.12
Men's Care,2026-10-01,2691675.68
Men's Care,2026-11-01,2650878.64
Microphones,2025-12-01,64313.71
Microphones,2026-01-01,75399.95
Microphones,2026-02-01,113481.68
Microphones,2026-03-01,73004.09
Microphones,2026-04-01,216163.59
Microphones,2026-05-01,80001.39
Microphones,2026-06-01,100726.36
Microphones,2026-07-01,183053.31
Microphones,2026-08-01,141857.46
Microphones,2026-09-01,64960.66
Microphones,2026-10-01,56275.3
Microphones,2026-11-01,250916.0
Milk Formula & Baby Food,2025-12-01,33893.89
Milk Formula & Baby Food,2026-01-01,35701.56
Milk Formula & Baby Food,2026-02-01,38337.19
Milk Formula & Baby Food,2026-03-01,34653.12
Milk Formula & Baby Food,2026-04-01,37858.37
Milk Formula & Baby Food,2026-05-01,81471.77
Milk Formula & Baby Food,2026-06-01,63181.31
Milk Formula & Baby Food,2026-07-01,24038.61
Milk Formula & Baby Food,2026-08-01,27042.06
Milk Formula & Baby Food,2026-09-01,0.0
Milk Formula & Baby Food,2026-10-01,55897.48
Milk Formula & Baby Food,2026-11-01,88916.82
Mobile Phones,2025-12-01,65687.75
Mobile Phones,2026-01-01,52491.17
Mobile Phones,2026-02-01,59843.14
Mobile Phones,2026-03-01,116928.19
Mobile Phones,2026-04-01,92887.29
Mobile Phones,2026-05-01,106646.03
Mobile Phones,2026-06-01,99160.13
Mobile Phones,2026-07-01,116750.5
Mobile Phones,2026-08-01,157139.41
Mobile Phones,2026-09-01,89552.03
Mobile Phones,2026-10-01,109775.7
Mobile Phones,2026-11-01,84441.76
Monitors,2025-12-01,0.0
Monitors,2026-01-01,0.0
Monitors,2026-02-01,6902.25
Monitors,2026-03-01,0.0
Monitors,2026-04-01,9.56
Monitors,2026-05-01,0.0
Monitors,2026-06-01,2815.44
Monitors,2026-07-01,0.0
Monitors,2026-08-01,29616.49
Monitors,2026-09-01,5192.3
Monitors,2026-10-01,0.0
Monitors,2026-11-01,0.0
Motorcycle Accessories,2025-12-01,1168749.73
Motorcycle Accessories,2026-01-01,1060068.66
Motorcycle Accessories,2026-02-01,1062838.69
Motorcycle Accessories,2026-03-01,1326288.75
Motorcycle Accessories,2026-04-01,1547022.59
Motorcycle Accessories,2026-05-01,1502672.97
Motorcycle Accessories,2026-06-01,1400512.63
Motorcycle Accessories,2026-07-01,1656609.02
Motorcycle Accessories,2026-08-01,1656071.94
Motorcycle Accessories,2026-09-01,1683573.77
Motorcycle Accessories,2026-10-01,1690824.54
Motorcycle Accessories,2026-11-01,1622793.4
Motorcycle Helmets & Accessories,2025-12-01,410010.36
Motorcycle Helmets & Accessories,2026-01-01,66746.05
Motorcycle Helmets & Accessories,2026-02-01,498245.34
Motorcycle Helmets & Accessories,2026-03-01,0.0
Motorcycle Helmets & Accessories,2026-04-01,627179.33
Motorcycle Helmets & Accessories,2026-05-01,0.0
Motorcycle Helmets & Accessories,2026-06-01,1071129.99
Motorcycle Helmets & Accessories,2026-07-01,0.0
Motorcycle Helmets & Accessories,2026-08-01,1473973.72
Motorcycle Helmets & Accessories,2026-09-01,0.0
Motorcycle Helmets & Accessories,2026-10-01,2335142.23
Motorcycle Helmets & Accessories,2026-11-01,0.0
Motorcycle Spare Parts,2025-12-01,17902427.22
Motorcycle Spare Parts,2026-01-01,35088546.58
Motorcycle Spare Parts,2026-02-01,70586206.14
Motorcycle Spare Parts,2026-03-01,143083344.23
Motorcycle Spare Parts,2026-04-01,291372195.33
Motorcycle Spare Parts,2026-05-01,594137859.76
Motorcycle Spare Parts,2026-06-01,1214012796.1
Motorcycle Spare Parts,2026-07-01,2481659778.59
Motorcycle Spare Parts,2026-08-01,5075443122.62
Motorcycle Spare Parts,2026-09-01,10379918617.04
Motorcycle Spare Parts,2026-10-01,21227344396.84
Motorcycle Spare Parts,2026-11-01,43417802599.44
Musical Instruments & Accessories,2025-12-01,62444.53
Musical Instruments & Accessories,2026-01-01,0.0
Musical Instruments & Accessories,2026-02-01,146870.12
Musical Instruments & Accessories,2026-03-01,82626.37
Musical Instruments & Accessories,2026-04-01,148775.69
Musical Instruments & Accessories,2026-05-01,7809.66
Musical Instruments & Accessories,2026-06-01,2349.25
Musical Instruments & Accessories,2026-07-01,39527.43
Musical Instruments & Accessories,2026-08-01,147349.76
Musical Instruments & Accessories,2026-09-01,332935.91
Musical Instruments & Accessories,2026-10-01,13867.07
Musical Instruments & Accessories,2026-11-01,294666.07
Necklaces,2025-12-01,101945.89
Necklaces,2026-01-01,164885.69
Necklaces,2026-02-01,119280.48
Necklaces,2026-03-01,235347.78
Necklaces,2026-04-01,137668.56
Necklaces,2026-05-01,90512.2
Necklaces,2026-06-01,48381.26
Necklaces,2026-07-01,0.0
Necklaces,2026-08-01,0.0
Necklaces,2026-09-01,0.0
Necklaces,2026-10-01,0.0
Necklaces,2026-11-01,0.0
"Neckties, Bow Ties & Cravats",2025-12-01,14043.67
"Neckties, Bow Ties & Cravats",2026-01-01,6525.31
"Neckties, Bow Ties & Cravats",2026-02-01,17898.61
"Neckties, Bow Ties & Cravats",2026-03-01,2791.4
"Neckties, Bow Ties & Cravats",2026-04-01,16726.74
"Neckties, Bow Ties & Cravats",2026-05-01,67894.6
"Neckties, Bow Ties & Cravats",2026-06-01,21770.93
"Neckties, Bow Ties & Cravats",2026-07-01,12624.73
"Neckties, Bow Ties & Cravats",2026-08-01,17836.56
"Neckties, Bow Ties & Cravats",2026-09-01,96650.73
"Neckties, Bow Ties & Cravats",2026-10-01,23235.65
"Neckties, Bow Ties & Cravats",2026-11-01,17500.58
Needlework,2025-12-01,977174.47
Needlework,2026-01-01,1121342.9
Needlework,2026-02-01,1191723.12
Needlework,2026-03-01,856895.6
Needlework,2026-04-01,937861.85
Needlework,2026-05-01,1565245.47
Needlework,2026-06-01,2452798.99
Needlework,2026-07-01,912820.13
Needlework,2026-08-01,867250.97
Needlework,2026-09-01,961607.08
Needlework,2026-10-01,974855.64
Needlework,2026-11-01,1032258.88
Network Components,2025-12-01,222452.35
Network Components,2026-01-01,138347.29
Network Components,2026-02-01,137628.71
Network Components,2026-03-01,243598.14
Network Components,2026-04-01,306631.91
Network Components,2026-05-01,343102.67
Network Components,2026-06-01,166188.53
Network Components,2026-07-01,347446.44
Network Components,2026-08-01,255158.13
Network Components,2026-09-01,210717.62
Network Components,2026-10-01,276742.74
Network Components,2026-11-01,394468.5
Notebooks & Papers,2025-12-01,2863871.47
Notebooks & Papers,2026-01-01,1146925.78
Notebooks & Papers,2026-02-01,0.0
Notebooks & Papers,2026-03-01,0.0
Notebooks & Papers,2026-04-01,0.0
Notebooks & Papers,2026-05-01,0.0
Notebooks & Papers,2026-06-01,0.0
Notebooks & Papers,2026-07-01,0.0
Notebooks & Papers,2026-08-01,0.0
Notebooks & Papers,2026-09-01,0.0
Notebooks & Papers,2026-10-01,0.0
Notebooks & Papers,2026-11-01,0.0
Nursery,2025-12-01,187863.58
Nursery,2026-01-01,206425.82
Nursery,2026-02-01,244831.55
Nursery,2026-03-01,245432.89
Nursery,2026-04-01,230318.99
Nursery,2026-05-01,304700.11
Nursery,2026-06-01,506322.99
Nursery,2026-07-01,312933.89
Nursery,2026-08-01,176896.88
Nursery,2026-09-01,122040.63
Nursery,2026-10-01,179405.13
Nursery,2026-11-01,971545.73
Occupational Attire,2025-12-01,516064.69
Occupational Attire,2026-01-01,0.0
Occupational Attire,2026-02-01,405007.07
Occupational Attire,2026-03-01,0.0
Occupational Attire,2026-04-01,536797.43
Occupational Attire,2026-05-01,252007.96
Occupational Attire,2026-06-01,1560903.17
Occupational Attire,2026-07-01,0.0
Occupational Attire,2026-08-01,2093486.71
Occupational Attire,2026-09-01,0.0
Occupational Attire,2026-10-01,696783.01
Occupational Attire,2026-11-01,0.0
Office Equipment,2025-12-01,5118.9
Office Equipment,2026-01-01,10289.09
Office Equipment,2026-02-01,5570.11
Office Equipment,2026-03-01,5218.68
Office Equipment,2026-04-01,4886.13
Office Equipment,2026-05-01,8723.56
Office Equipment,2026-06-01,8621.12
Office Equipment,2026-07-01,2505.56
Office Equipment,2026-08-01,1361.36
Office Equipment,2026-09-01,2581.0
Office Equipment,2026-10-01,7568.38
Office Equipment,2026-11-01,4842.82
Others,2025-12-01,816742.11
Others,2026-01-01,791322.08
Others,2026-02-01,759991.96
Others,2026-03-01,1163198.39
Others,2026-04-01,1012595.19
Others,2026-05-01,1022821.17
Others,2026-06-01,1109017.63
Others,2026-07-01,983631.95
Others,2026-08-01,1146139.8
Others,2026-09-01,1376766.25
Others,2026-10-01,1315164.97
Others,2026-11-01,1167690.88
Oxfords & Lace,2025-12-01,84821.93
Oxfords & Lace,2026-01-01,0.0
Oxfords & Lace,2026-02-01,110051.04
Oxfords & Lace,2026-03-01,0.0
Oxfords & Lace,2026-04-01,148191.04
Oxfords & Lace,2026-05-01,0.0
Oxfords & Lace,2026-06-01,216530.52
Oxfords & Lace,2026-07-01,0.0
Oxfords & Lace,2026-08-01,313960.65
Oxfords & Lace,2026-09-01,0.0
Oxfords & Lace,2026-10-01,463135.29
Oxfords & Lace,2026-11-01,0.0
Pants,2025-12-01,456516.41
Pants,2026-01-01,345316.61
Pants,2026-02-01,319893.7
Pants,2026-03-01,358006.13
Pants,2026-04-01,395040.83
Pants,2026-05-01,338945.43
Pants,2026-06-01,593165.93
Pants,2026-07-01,377757.81
Pants,2026-08-01,473457.86
Pants,2026-09-01,371617.24
Pants,2026-10-01,348718.63
Pants,2026-11-01,332780.1
Pants & Leggings,2025-12-01,808260.37
Pants & Leggings,2026-01-01,578720.99
Pants & Leggings,2026-02-01,473464.58
Pants & Leggings,2026-03-01,348054.74
Pants & Leggings,2026-04-01,476884.69
Pants & Leggings,2026-05-01,842501.13
Pants & Leggings,2026-06-01,1476374.83
Pants & Leggings,2026-07-01,479945.61
Pants & Leggings,2026-08-01,522220.69
Pants & Leggings,2026-09-01,517602.23
Pants & Leggings,2026-10-01,490484.83
Pants & Leggings,2026-11-01,496747.29
Party Supplies,2025-12-01,8811386.88
Party Supplies,2026-01-01,5094016.92
Party Supplies,2026-02-01,6529495.42
Party Supplies,2026-03-01,4273174.81
Party Supplies,2026-04-01,6532685.53
Party Supplies,2026-05-01,6518962.65
Party Supplies,2026-06-01,11723905.25
Party Supplies,2026-07-01,5204957.51
Party Supplies,2026-08-01,5863748.69
Party Supplies,2026-09-01,5128279.69
Party Supplies,2026-10-01,4553919.72
Party Supplies,2026-11-01,4499205.43
Perfumes & Fragrances,2025-12-01,136811239.49
Perfumes & Fragrances,2026-01-01,543089870.87
Perfumes & Fragrances,2026-02-01,2162092483.98
Perfumes & Fragrances,2026-03-01,8611047369.75
Perfumes & Fragrances,2026-04-01,34298104648.99
Perfumes & Fragrances,2026-05-01,136614557825.41
Perfumes & Fragrances,2026-06-01,544158918128.54
Perfumes & Fragrances,2026-07-01,2167479352657.48
Perfumes & Fragrances,2026-08-01,8633449208869.65
Perfumes & Fragrances,2026-09-01,34388536809647.1
Perfumes & Fragrances,2026-10-01,136975557265366.45
Perfumes & Fragrances,2026-11-01,545597604541900.0
Peripherals & Accessories,2025-12-01,254589.63
Peripherals & Accessories,2026-01-01,270343.49
Peripherals & Accessories,2026-02-01,207306.39
Peripherals & Accessories,2026-03-01,145335.2
Peripherals & Accessories,2026-04-01,227066.51
Peripherals & Accessories,2026-05-01,162634.92
Peripherals & Accessories,2026-06-01,327716.22
Peripherals & Accessories,2026-07-01,0.0
Peripherals & Accessories,2026-08-01,16708.16
Peripherals & Accessories,2026-09-01,694556.87
Peripherals & Accessories,2026-10-01,0.0
Peripherals & Accessories,2026-11-01,2766.69
Personal Care,2025-12-01,10395639.88
Personal Care,2026-01-01,10011564.36
Personal Care,2026-02-01,10307997.94
Personal Care,2026-03-01,10054000.67
Personal Care,2026-04-01,10585845.45
Personal Care,2026-05-01,10540582.17
Personal Care,2026-06-01,11967737.38
Personal Care,2026-07-01,10993574.19
Personal Care,2026-08-01,12174957.46
Personal Care,2026-09-01,11096556.98
Personal Care,2026-10-01,12599847.64
Personal Care,2026-11-01,16276100.65
Pet Accessories,2025-12-01,8389997.22
Pet Accessories,2026-01-01,10822306.89
Pet Accessories,2026-02-01,14023905.46
Pet Accessories,2026-03-01,18716901.51
Pet Accessories,2026-04-01,24465090.7
Pet Accessories,2026-05-01,31466475.08
Pet Accessories,2026-06-01,39589943.09
Pet Accessories,2026-07-01,51897036.54
Pet Accessories,2026-08-01,64443237.14
Pet Accessories,2026-09-01,83055332.93
Pet Accessories,2026-10-01,103322870.91
Pet Accessories,2026-11-01,131195084.48
Pet Clothing & Accessories,2025-12-01,358417.65
Pet Clothing & Accessories,2026-01-01,355252.25
Pet Clothing & Accessories,2026-02-01,406020.4
Pet Clothing & Accessories,2026-03-01,415726.26
Pet Clothing & Accessories,2026-04-01,476676.81
Pet Clothing & Accessories,2026-05-01,673077.61
Pet Clothing & Accessories,2026-06-01,595473.06
Pet Clothing & Accessories,2026-07-01,491834.24
Pet Clothing & Accessories,2026-08-01,519096.83
Pet Clothing & Accessories,2026-09-01,588124.34
Pet Clothing & Accessories,2026-10-01,515278.95
Pet Clothing & Accessories,2026-11-01,736472.57
Pet Food,2025-12-01,14696927.78
Pet Food,2026-01-01,23286046.48
Pet Food,2026-02-01,33154506.94
Pet Food,2026-03-01,49130829.55
Pet Food,2026-04-01,64959114.09
Pet Food,2026-05-01,82614220.42
Pet Food,2026-06-01,102658532.38
Pet Food,2026-07-01,127674365.58
Pet Food,2026-08-01,160599305.88
Pet Food,2026-09-01,192503362.27
Pet Food,2026-10-01,250231449.92
Pet Food,2026-11-01,306136840.95
Pet Grooming,2025-12-01,5547483.17
Pet Grooming,2026-01-01,0.0
Pet Grooming,2026-02-01,6412897.82
Pet Grooming,2026-03-01,1082707.99
Pet Grooming,2026-04-01,5762969.14
Pet Grooming,2026-05-01,1886833.23
Pet Grooming,2026-06-01,3590677.2
Pet Grooming,2026-07-01,1114774.01
Pet Grooming,2026-08-01,5571489.87
Pet Grooming,2026-09-01,0.0
Pet Grooming,2026-10-01,9169839.63
Pet Grooming,2026-11-01,4852380.2
Pet Healthcare,2025-12-01,1231825.7
Pet Healthcare,2026-01-01,1156432.19
Pet Healthcare,2026-02-01,1164930.77
Pet Healthcare,2026-03-01,1361538.85
Pet Healthcare,2026-04-01,1074815.96
Pet Healthcare,2026-05-01,724502.6
Pet Healthcare,2026-06-01,1077053.21
Pet Healthcare,2026-07-01,1253521.78
Pet Healthcare,2026-08-01,1608049.58
Pet Healthcare,2026-09-01,1613865.03
Pet Healthcare,2026-10-01,1966943.94
Pet Healthcare,2026-11-01,3783547.51
Photo Albums,2025-12-01,276502.81
Photo Albums,2026-01-01,261635.85
Photo Albums,2026-02-01,276355.87
Photo Albums,2026-03-01,288058.2
Photo Albums,2026-04-01,288540.11
Photo Albums,2026-05-01,193175.32
Photo Albums,2026-06-01,272379.95
Photo Albums,2026-07-01,271586.84
Photo Albums,2026-08-01,248435.41
Photo Albums,2026-09-01,207336.63
Photo Albums,2026-10-01,275869.35
Photo Albums,2026-11-01,213851.95
Prayer Attire & Equipment,2025-12-01,194.12
Prayer Attire & Equipment,2026-01-01,259.24
Prayer Attire & Equipment,2026-02-01,312.84
Prayer Attire & Equipment,2026-03-01,15421.92
Prayer Attire & Equipment,2026-04-01,711.74
Prayer Attire & Equipment,2026-05-01,682.52
Prayer Attire & Equipment,2026-06-01,638.55
Prayer Attire & Equipment,2026-07-01,593.34
Prayer Attire & Equipment,2026-08-01,550.77
Prayer Attire & Equipment,2026-09-01,513.34
Prayer Attire & Equipment,2026-10-01,482.39
Prayer Attire & Equipment,2026-11-01,458.42
Printers & Scanners,2025-12-01,60079.65
Printers & Scanners,2026-01-01,92184.93
Printers & Scanners,2026-02-01,92347.08
Printers & Scanners,2026-03-01,64172.63
Printers & Scanners,2026-04-01,82198.21
Printers & Scanners,2026-05-01,526064.25
Printers & Scanners,2026-06-01,187936.68
Printers & Scanners,2026-07-01,95002.61
Printers & Scanners,2026-08-01,107347.19
Printers & Scanners,2026-09-01,167678.03
Printers & Scanners,2026-10-01,88316.19
Printers & Scanners,2026-11-01,105691.85
Projectors & Accessories,2025-12-01,34384.19
Projectors & Accessories,2026-01-01,113629.54
Projectors & Accessories,2026-02-01,140105.79
Projectors & Accessories,2026-03-01,86330.03
Projectors & Accessories,2026-04-01,26999.83
Projectors & Accessories,2026-05-01,0.0
Projectors & Accessories,2026-06-01,10313.68
Projectors & Accessories,2026-07-01,75897.55
Projectors & Accessories,2026-08-01,88488.75
Projectors & Accessories,2026-09-01,185931.02
Projectors & Accessories,2026-10-01,9803.43
Projectors & Accessories,2026-11-01,0.0
Remote Controls,2025-12-01,81358.79
Remote Controls,2026-01-01,68246.52
Remote Controls,2026-02-01,77682.07
Remote Controls,2026-03-01,126736.58
Remote Controls,2026-04-01,123350.22
Remote Controls,2026-05-01,103863.64
Remote Controls,2026-06-01,101348.67
Remote Controls,2026-07-01,107177.5
Remote Controls,2026-08-01,75316.5
Remote Controls,2026-09-01,0.0
Remote Controls,2026-10-01,129825.77
Remote Controls,2026-11-01,115551.49
Rings,2025-12-01,1125494106.12
Rings,2026-01-01,1115850085.17
Rings,2026-02-01,1099547024.75
Rings,2026-03-01,1079402651.01
Rings,2026-04-01,1057374881.98
Rings,2026-05-01,1034807836.34
Rings,2026-06-01,1012619162.08
Rings,2026-07-01,991288759.82
Rings,2026-08-01,971447111.57
Rings,2026-09-01,11887609265.58
Rings,2026-10-01,936810800.98
Rings,2026-11-01,922180750.49
Safety & Security,2025-12-01,1944212.93
Safety & Security,2026-01-01,2392785.05
Safety & Security,2026-02-01,2930163.09
Safety & Security,2026-03-01,3538242.18
Safety & Security,2026-04-01,4261775.52
Safety & Security,2026-05-01,5176392.5
Safety & Security,2026-06-01,6277406.67
Safety & Security,2026-07-01,7356227.44
Safety & Security,2026-08-01,9044631.24
Safety & Security,2026-09-01,10774799.31
Safety & Security,2026-10-01,13295741.53
Safety & Security,2026-11-01,15928840.63
Sandals & Flip Flops,2025-12-01,448655.38
Sandals & Flip Flops,2026-01-01,400185.29
Sandals & Flip Flops,2026-02-01,378024.51
Sandals & Flip Flops,2026-03-01,367008.27
Sandals & Flip Flops,2026-04-01,401387.54
Sandals & Flip Flops,2026-05-01,390876.65
Sandals & Flip Flops,2026-06-01,583779.52
Sandals & Flip Flops,2026-07-01,411733.88
Sandals & Flip Flops,2026-08-01,224290.33
Sandals & Flip Flops,2026-09-01,446314.77
Sandals & Flip Flops,2026-10-01,483600.46
Sandals & Flip Flops,2026-11-01,661522.9
Scarves & Shawls,2025-12-01,169118.46
Scarves & Shawls,2026-01-01,122817.13
Scarves & Shawls,2026-02-01,88580.45
Scarves & Shawls,2026-03-01,72823.71
Scarves & Shawls,2026-04-01,77027.38
Scarves & Shawls,2026-05-01,84690.26
Scarves & Shawls,2026-06-01,182180.21
Scarves & Shawls,2026-07-01,102647.99
Scarves & Shawls,2026-08-01,79199.33
Scarves & Shawls,2026-09-01,19081.35
Scarves & Shawls,2026-10-01,88697.15
Scarves & Shawls,2026-11-01,104469.9
School & Office Equipment,2025-12-01,9985250.15
School & Office Equipment,2026-01-01,7848278.63
School & Office Equipment,2026-02-01,7284878.47
School & Office Equipment,2026-03-01,7221330.15
School & Office Equipment,2026-04-01,7174769.09
School & Office Equipment,2026-05-01,7557187.57
School & Office Equipment,2026-06-01,8367714.28
School & Office Equipment,2026-07-01,8198799.74
School & Office Equipment,2026-08-01,9177051.19
School & Office Equipment,2026-09-01,18233028.01
School & Office Equipment,2026-10-01,8541179.63
School & Office Equipment,2026-11-01,9283863.22
Security Cameras & Systems,2025-12-01,114024.07
Security Cameras & Systems,2026-01-01,112198.54
Security Cameras & Systems,2026-02-01,108085.22
Security Cameras & Systems,2026-03-01,135262.57
Security Cameras & Systems,2026-04-01,155182.52
Security Cameras & Systems,2026-05-01,144803.32
Security Cameras & Systems,2026-06-01,149748.15
Security Cameras & Systems,2026-07-01,165478.39
Security Cameras & Systems,2026-08-01,159625.46
Security Cameras & Systems,2026-09-01,144588.57
Security Cameras & Systems,2026-10-01,143368.42
Security Cameras & Systems,2026-11-01,157925.07
Services,2025-12-01,0.0
Services,2026-01-01,0.0
Services,2026-02-01,0.0
Services,2026-03-01,0.0
Services,2026-04-01,0.0
Services,2026-05-01,0.0
Services,2026-06-01,0.0
Services,2026-07-01,0.0
Services,2026-08-01,0.0
Services,2026-09-01,0.0
Services,2026-10-01,0.0
Services,2026-11-01,0.0
Set & Couple Watches,2025-12-01,76546.02
Set & Couple Watches,2026-01-01,95413.14
Set & Couple Watches,2026-02-01,69431.23
Set & Couple Watches,2026-03-01,40267.07
Set & Couple Watches,2026-04-01,68062.89
Set & Couple Watches,2026-05-01,107995.46
Set & Couple Watches,2026-06-01,136391.89
Set & Couple Watches,2026-07-01,47366.23
Set & Couple Watches,2026-08-01,97726.64
Set & Couple Watches,2026-09-01,53367.81
Set & Couple Watches,2026-10-01,63347.47
Set & Couple Watches,2026-11-01,19412.46
Sets,2025-12-01,261764.62
Sets,2026-01-01,84227.73
Sets,2026-02-01,90768.07
Sets,2026-03-01,0.0
Sets,2026-04-01,121182.36
Sets,2026-05-01,315921.74
Sets,2026-06-01,873536.85
Sets,2026-07-01,36782.85
Sets,2026-08-01,7948.58
Sets,2026-09-01,0.0
Sets,2026-10-01,32269.17
Sets,2026-11-01,2846.81
Sexual Wellness,2025-12-01,143952.46
Sexual Wellness,2026-01-01,138225.4
Sexual Wellness,2026-02-01,122640.29
Sexual Wellness,2026-03-01,110127.24
Sexual Wellness,2026-04-01,140760.48
Sexual Wellness,2026-05-01,156093.94
Sexual Wellness,2026-06-01,245821.74
Sexual Wellness,2026-07-01,121382.8
Sexual Wellness,2026-08-01,133768.59
Sexual Wellness,2026-09-01,223144.91
Sexual Wellness,2026-10-01,440610.85
Sexual Wellness,2026-11-01,152752.47
Shoe Care & Accessories,2025-12-01,367802.96
Shoe Care & Accessories,2026-01-01,379651.99
Shoe Care & Accessories,2026-02-01,375613.35
Shoe Care & Accessories,2026-03-01,415992.54
Shoe Care & Accessories,2026-04-01,422938.46
Shoe Care & Accessories,2026-05-01,406791.13
Shoe Care & Accessories,2026-06-01,361078.29
Shoe Care & Accessories,2026-07-01,411184.09
Shoe Care & Accessories,2026-08-01,421334.22
Shoe Care & Accessories,2026-09-01,411167.29
Shoe Care & Accessories,2026-10-01,502617.39
Shoe Care & Accessories,2026-11-01,410223.82
Shopping,2025-12-01,1050.51
Shopping,2026-01-01,1068.61
Shopping,2026-02-01,1104.15
Shopping,2026-03-01,1154.93
Shopping,2026-04-01,1217.77
Shopping,2026-05-01,1289.36
Shopping,2026-06-01,1366.75
Shopping,2026-07-01,1447.6
Shopping,2026-08-01,1530.17
Shopping,2026-09-01,1613.17
Shopping,2026-10-01,1695.69
Shopping,2026-11-01,1777.1
Shorts,2025-12-01,1207379.94
Shorts,2026-01-01,1053952.0
Shorts,2026-02-01,737774.91
Shorts,2026-03-01,577194.8
Shorts,2026-04-01,917048.36
Shorts,2026-05-01,1953947.61
Shorts,2026-06-01,4280215.64
Shorts,2026-07-01,961332.34
Shorts,2026-08-01,888983.22
Shorts,2026-09-01,760555.54
Shorts,2026-10-01,756461.24
Shorts,2026-11-01,752916.12
Sim Cards,2025-12-01,224399.15
Sim Cards,2026-01-01,197103.72
Sim Cards,2026-02-01,174179.14
Sim Cards,2026-03-01,20123.14
Sim Cards,2026-04-01,64915.56
Sim Cards,2026-05-01,56093.5
Sim Cards,2026-06-01,1052570.14
Sim Cards,2026-07-01,53639.48
Sim Cards,2026-08-01,52068.46
Sim Cards,2026-09-01,0.0
Sim Cards,2026-10-01,0.0
Sim Cards,2026-11-01,0.0
Skincare,2025-12-01,15978970.77
Skincare,2026-01-01,15781835.47
Skincare,2026-02-01,16074337.43
Skincare,2026-03-01,20476386.14
Skincare,2026-04-01,20610347.61
Skincare,2026-05-01,19766727.45
Skincare,2026-06-01,20026192.21
Skincare,2026-07-01,20762486.25
Skincare,2026-08-01,20808285.6
Skincare,2026-09-01,20796522.74
Skincare,2026-10-01,21528092.63
Skincare,2026-11-01,22009636.77
Skirts,2025-12-01,87990.46
Skirts,2026-01-01,50534.62
Skirts,2026-02-01,53346.27
Skirts,2026-03-01,44679.27
Skirts,2026-04-01,96545.77
Skirts,2026-05-01,238573.84
Skirts,2026-06-01,223129.0
Skirts,2026-07-01,83925.01
Skirts,2026-08-01,77649.8
Skirts,2026-09-01,79357.98
Skirts,2026-10-01,101188.09
Skirts,2026-11-01,84616.26
Sleepwear,2025-12-01,3133.65
Sleepwear,2026-01-01,8479.47
Sleepwear,2026-02-01,7623.12
Sleepwear,2026-03-01,5777.69
Sleepwear,2026-04-01,3703.56
Sleepwear,2026-05-01,7009.78
Sleepwear,2026-06-01,10678.35
Sleepwear,2026-07-01,10157.73
Sleepwear,2026-08-01,6545.51
Sleepwear,2026-09-01,566.52
Sleepwear,2026-10-01,12099.0
Sleepwear,2026-11-01,12705.03
Sleepwear & Pajamas,2025-12-01,402588.43
Sleepwear & Pajamas,2026-01-01,326889.27
Sleepwear & Pajamas,2026-02-01,319648.75
Sleepwear & Pajamas,2026-03-01,259666.12
Sleepwear & Pajamas,2026-04-01,276022.24
Sleepwear & Pajamas,2026-05-01,632892.85
Sleepwear & Pajamas,2026-06-01,1097998.13
Sleepwear & Pajamas,2026-07-01,324622.47
Sleepwear & Pajamas,2026-08-01,294041.48
Sleepwear & Pajamas,2026-09-01,284870.32
Sleepwear & Pajamas,2026-10-01,297807.57
Sleepwear & Pajamas,2026-11-01,317895.61
Slip Ons & Mules,2025-12-01,57668.98
Slip Ons & Mules,2026-01-01,34615.12
Slip Ons & Mules,2026-02-01,31935.0
Slip Ons & Mules,2026-03-01,28264.76
Slip Ons & Mules,2026-04-01,34982.63
Slip Ons & Mules,2026-05-01,29989.25
Slip Ons & Mules,2026-06-01,49681.13
Slip Ons & Mules,2026-07-01,41482.12
Slip Ons & Mules,2026-08-01,43970.06
Slip Ons & Mules,2026-09-01,31599.63
Slip Ons & Mules,2026-10-01,5790.48
Slip Ons & Mules,2026-11-01,43045.49
Small Household Appliances,2025-12-01,225334.3
Small Household Appliances,2026-01-01,246464.41
Small Household Appliances,2026-02-01,258397.18
Small Household Appliances,2026-03-01,312171.56
Small Household Appliances,2026-04-01,306338.15
Small Household Appliances,2026-05-01,341835.29
Small Household Appliances,2026-06-01,329474.5
Small Household Appliances,2026-07-01,308591.16
Small Household Appliances,2026-08-01,193513.67
Small Household Appliances,2026-09-01,268192.55
Small Household Appliances,2026-10-01,215782.51
Small Household Appliances,2026-11-01,292668.95
Snacks,2025-12-01,1222934.72
Snacks,2026-01-01,1002744.54
Snacks,2026-02-01,980960.68
Snacks,2026-03-01,450488.43
Snacks,2026-04-01,772047.71
Snacks,2026-05-01,1072399.95
Snacks,2026-06-01,2465909.47
Snacks,2026-07-01,618292.24
Snacks,2026-08-01,339564.35
Snacks,2026-09-01,82411.96
Snacks,2026-10-01,597738.24
Snacks,2026-11-01,244600.78
Sneakers,2025-12-01,466610.71
Sneakers,2026-01-01,192537.81
Sneakers,2026-02-01,48291.37
Sneakers,2026-03-01,5853.1
Sneakers,2026-04-01,33216.67
Sneakers,2026-05-01,238611.6
Sneakers,2026-06-01,759235.84
Sneakers,2026-07-01,98227.94
Sneakers,2026-08-01,93561.54
Sneakers,2026-09-01,755.87
Sneakers,2026-10-01,21257.13
Sneakers,2026-11-01,41944.88
Socks,2025-12-01,478196.69
Socks,2026-01-01,523458.55
Socks,2026-02-01,626511.53
Socks,2026-03-01,974439.18
Socks,2026-04-01,955512.82
Socks,2026-05-01,868011.55
Socks,2026-06-01,621842.59
Socks,2026-07-01,810897.16
Socks,2026-08-01,613835.85
Socks,2026-09-01,0.0
Socks,2026-10-01,990828.86
Socks,2026-11-01,1053399.51
Socks & Stockings,2025-12-01,343413.66
Socks & Stockings,2026-01-01,0.0
Socks & Stockings,2026-02-01,204060.85
Socks & Stockings,2026-03-01,12438.0
Socks & Stockings,2026-04-01,189073.9
Socks & Stockings,2026-05-01,314091.46
Socks & Stockings,2026-06-01,660078.93
Socks & Stockings,2026-07-01,356414.05
Socks & Stockings,2026-08-01,166874.1
Socks & Stockings,2026-09-01,996004.98
Socks & Stockings,2026-10-01,72622.31
Socks & Stockings,2026-11-01,0.0
Softwares,2025-12-01,0.0
Softwares,2026-01-01,0.0
Softwares,2026-02-01,1893.49
Softwares,2026-03-01,0.0
Softwares,2026-04-01,0.0
Softwares,2026-05-01,0.0
Softwares,2026-06-01,0.0
Softwares,2026-07-01,0.0
Softwares,2026-08-01,646.54
Softwares,2026-09-01,2111.39
Softwares,2026-10-01,434.78
Softwares,2026-11-01,0.0
Souvenirs,2025-12-01,1588209.13
Souvenirs,2026-01-01,1514336.08
Souvenirs,2026-02-01,1417416.89
Souvenirs,2026-03-01,1510996.24
Souvenirs,2026-04-01,1500952.67
Souvenirs,2026-05-01,1825509.95
Souvenirs,2026-06-01,1864119.26
Souvenirs,2026-07-01,1441729.84
Souvenirs,2026-08-01,1466735.86
Souvenirs,2026-09-01,1638014.93
Souvenirs,2026-10-01,1474954.15
Souvenirs,2026-11-01,1616374.91
Sports & Outdoor Accessories,2025-12-01,10645866.5
Sports & Outdoor Accessories,2026-01-01,11979053.39
Sports & Outdoor Accessories,2026-02-01,12418920.2
Sports & Outdoor Accessories,2026-03-01,13625617.09
Sports & Outdoor Accessories,2026-04-01,11775813.7
Sports & Outdoor Accessories,2026-05-01,11021745.25
Sports & Outdoor Accessories,2026-06-01,8807839.52
Sports & Outdoor Accessories,2026-07-01,9714181.98
Sports & Outdoor Accessories,2026-08-01,6103957.59
Sports & Outdoor Accessories,2026-09-01,442101.3
Sports & Outdoor Accessories,2026-10-01,12464487.0
Sports & Outdoor Accessories,2026-11-01,11068404.24
Sports & Outdoor Apparels,2025-12-01,681770.3
Sports & Outdoor Apparels,2026-01-01,573041.25
Sports & Outdoor Apparels,2026-02-01,668702.34
Sports & Outdoor Apparels,2026-03-01,620818.32
Sports & Outdoor Apparels,2026-04-01,1137625.11
Sports & Outdoor Apparels,2026-05-01,1336447.06
Sports & Outdoor Apparels,2026-06-01,1808712.34
Sports & Outdoor Apparels,2026-07-01,704739.5
Sports & Outdoor Apparels,2026-08-01,896869.02
Sports & Outdoor Apparels,2026-09-01,1985602.93
Sports & Outdoor Apparels,2026-10-01,786229.55
Sports & Outdoor Apparels,2026-11-01,747636.0
Sports & Outdoor Recreation Equipments,2025-12-01,4372596.65
Sports & Outdoor Recreation Equipments,2026-01-01,3361464.82
Sports & Outdoor Recreation Equipments,2026-02-01,2752236.1
Sports & Outdoor Recreation Equipments,2026-03-01,14514099.86
Sports & Outdoor Recreation Equipments,2026-04-01,18843840.16
Sports & Outdoor Recreation Equipments,2026-05-01,20306819.44
Sports & Outdoor Recreation Equipments,2026-06-01,22580637.49
Sports & Outdoor Recreation Equipments,2026-07-01,17868560.03
Sports & Outdoor Recreation Equipments,2026-08-01,219285494.42
Sports & Outdoor Recreation Equipments,2026-09-01,60720929.14
Sports & Outdoor Recreation Equipments,2026-10-01,11653280.92
Sports & Outdoor Recreation Equipments,2026-11-01,13036613.52
Sports Footwear,2025-12-01,38464.98
Sports Footwear,2026-01-01,48460.09
Sports Footwear,2026-02-01,51301.16
Sports Footwear,2026-03-01,45643.41
Sports Footwear,2026-04-01,36768.23
Sports Footwear,2026-05-01,39089.97
Sports Footwear,2026-06-01,73842.56
Sports Footwear,2026-07-01,65504.21
Sports Footwear,2026-08-01,55703.12
Sports Footwear,2026-09-01,0.0
Sports Footwear,2026-10-01,28121.42
Sports Footwear,2026-11-01,85696.04
Suits,2025-12-01,26916.65
Suits,2026-01-01,19709.91
Suits,2026-02-01,28397.32
Suits,2026-03-01,32318.68
Suits,2026-04-01,40775.68
Suits,2026-05-01,29542.73
Suits,2026-06-01,37394.18
Suits,2026-07-01,30527.46
Suits,2026-08-01,49010.25
Suits,2026-09-01,37492.14
Suits,2026-10-01,57642.84
Suits,2026-11-01,28775.16
Sweaters & Cardigans,2025-12-01,65743.16
Sweaters & Cardigans,2026-01-01,29743.9
Sweaters & Cardigans,2026-02-01,34616.92
Sweaters & Cardigans,2026-03-01,8725.53
Sweaters & Cardigans,2026-04-01,18318.98
Sweaters & Cardigans,2026-05-01,14980.86
Sweaters & Cardigans,2026-06-01,256336.4
Sweaters & Cardigans,2026-07-01,14251.22
Sweaters & Cardigans,2026-08-01,0.0
Sweaters & Cardigans,2026-09-01,1738.01
Sweaters & Cardigans,2026-10-01,7936.96
Sweaters & Cardigans,2026-11-01,16042.5
TVs & Accessories,2025-12-01,8790.42
TVs & Accessories,2026-01-01,26684.17
TVs & Accessories,2026-02-01,23717.62
TVs & Accessories,2026-03-01,25941.17
TVs & Accessories,2026-04-01,38984.58
TVs & Accessories,2026-05-01,42281.16
TVs & Accessories,2026-06-01,76391.44
TVs & Accessories,2026-07-01,46638.79
TVs & Accessories,2026-08-01,70685.99
TVs & Accessories,2026-09-01,151455.95
TVs & Accessories,2026-10-01,70259.8
TVs & Accessories,2026-11-01,35857.31
Tablets,2025-12-01,0.0
Tablets,2026-01-01,0.0
Tablets,2026-02-01,0.0
Tablets,2026-03-01,0.0
Tablets,2026-04-01,0.0
Tablets,2026-05-01,0.0
Tablets,2026-06-01,0.0
Tablets,2026-07-01,0.0
Tablets,2026-08-01,0.0
Tablets,2026-09-01,0.0
Tablets,2026-10-01,0.0
Tablets,2026-11-01,0.0
Telco,2025-12-01,0.0
Telco,2026-01-01,0.0
Telco,2026-02-01,0.0
Telco,2026-03-01,0.0
Telco,2026-04-01,0.0
Telco,2026-05-01,0.0
Telco,2026-06-01,0.0
Telco,2026-07-01,0.0
Telco,2026-08-01,0.0
Telco,2026-09-01,0.0
Telco,2026-10-01,0.0
Telco,2026-11-01,0.0
Tools & Home Improvement,2025-12-01,21748113.71
Tools & Home Improvement,2026-01-01,82776616.56
Tools & Home Improvement,2026-02-01,0.0
Tools & Home Improvement,2026-03-01,131182860.95
Tools & Home Improvement,2026-04-01,0.0
Tools & Home Improvement,2026-05-01,234519764.11
Tools & Home Improvement,2026-06-01,0.0
Tools & Home Improvement,2026-07-01,469592319.47
Tools & Home Improvement,2026-08-01,0.0
Tools & Home Improvement,2026-09-01,1046506667.89
Tools & Home Improvement,2026-10-01,0.0
Tools & Home Improvement,2026-11-01,2270248993.91
Top,2025-12-01,157855.19
Top,2026-01-01,107369.63
Top,2026-02-01,104817.19
Top,2026-03-01,117358.57
Top,2026-04-01,106445.1
Top,2026-05-01,117154.7
Top,2026-06-01,155971.32
Top,2026-07-01,121936.27
Top,2026-08-01,110778.56
Top,2026-09-01,142137.55
Top,2026-10-01,134602.95
Top,2026-11-01,149699.37
Tops,2025-12-01,3755360.53
Tops,2026-01-01,2485554.99
Tops,2026-02-01,2190655.89
Tops,2026-03-01,1077879.43
Tops,2026-04-01,2394580.43
Tops,2026-05-01,5064471.59
Tops,2026-06-01,7914196.25
Tops,2026-07-01,2151867.48
Tops,2026-08-01,2040476.9
Tops,2026-09-01,1715664.23
Tops,2026-10-01,1586534.33
Tops,2026-11-01,1177337.28
Tote Bags,2025-12-01,2984113.96
Tote Bags,2026-01-01,2758925.69
Tote Bags,2026-02-01,2843959.91
Tote Bags,2026-03-01,2808254.14
Tote Bags,2026-04-01,2931933.71
Tote Bags,2026-05-01,3048445.77
Tote Bags,2026-06-01,3771431.92
Tote Bags,2026-07-01,2985697.31
Tote Bags,2026-08-01,3002390.54
Tote Bags,2026-09-01,3000718.29
Tote Bags,2026-10-01,3038347.58
Tote Bags,2026-11-01,3162459.87
Toys,2025-12-01,62070539.59
Toys,2026-01-01,154263355.09
Toys,2026-02-01,394180354.59
Toys,2026-03-01,1009329212.61
Toys,2026-04-01,2593643068.62
Toys,2026-05-01,6666982217.66
Toys,2026-06-01,17143411405.05
Toys,2026-07-01,44077800045.56
Toys,2026-08-01,113350556496.64
Toys,2026-09-01,291501998444.97
Toys,2026-10-01,749636714164.79
Toys,2026-11-01,1927826296252.6
Toys & Games,2025-12-01,219020.12
Toys & Games,2026-01-01,220279.26
Toys & Games,2026-02-01,227125.52
Toys & Games,2026-03-01,250658.51
Toys & Games,2026-04-01,252993.92
Toys & Games,2026-05-01,242070.3
Toys & Games,2026-06-01,239879.71
Toys & Games,2026-07-01,265240.08
Toys & Games,2026-08-01,277996.6
Toys & Games,2026-09-01,354350.27
Toys & Games,2026-10-01,368855.84
Toys & Games,2026-11-01,308879.31
Traditional Wear,2025-12-01,27786.8
Traditional Wear,2026-01-01,9900.79
Traditional Wear,2026-02-01,5399.24
Traditional Wear,2026-03-01,0.0
Traditional Wear,2026-04-01,9123.69
Traditional Wear,2026-05-01,23833.4
Traditional Wear,2026-06-01,111475.1
Traditional Wear,2026-07-01,0.0
Traditional Wear,2026-08-01,6268.18
Traditional Wear,2026-09-01,0.0
Traditional Wear,2026-10-01,0.0
Traditional Wear,2026-11-01,0.0
Travel Accessories,2025-12-01,4214583.92
Travel Accessories,2026-01-01,4315750.87
Travel Accessories,2026-02-01,4378905.27
Travel Accessories,2026-03-01,4826752.77
Travel Accessories,2026-04-01,5250097.26
Travel Accessories,2026-05-01,5251544.49
Travel Accessories,2026-06-01,5263713.67
Travel Accessories,2026-07-01,5322599.51
Travel Accessories,2026-08-01,5404689.01
Travel Accessories,2026-09-01,5806305.56
Travel Accessories,2026-10-01,6611995.49
Travel Accessories,2026-11-01,6573684.82
Travel Bags,2025-12-01,767952.4
Travel Bags,2026-01-01,639248.68
Travel Bags,2026-02-01,632482.99
Travel Bags,2026-03-01,602089.28
Travel Bags,2026-04-01,642120.42
Travel Bags,2026-05-01,684473.83
Travel Bags,2026-06-01,878536.0
Travel Bags,2026-07-01,639762.37
Travel Bags,2026-08-01,649276.88
Travel Bags,2026-09-01,723796.64
Travel Bags,2026-10-01,704654.41
Travel Bags,2026-11-01,818674.98
Utilities,2025-12-01,0.0
Utilities,2026-01-01,0.0
Utilities,2026-02-01,0.0
Utilities,2026-03-01,0.0
Utilities,2026-04-01,0.0
Utilities,2026-05-01,0.0
Utilities,2026-06-01,0.0
Utilities,2026-07-01,0.0
Utilities,2026-08-01,0.0
Utilities,2026-09-01,0.0
Utilities,2026-10-01,0.0
Utilities,2026-11-01,0.0
Video Games,2025-12-01,0.0
Video Games,2026-01-01,0.0
Video Games,2026-02-01,0.0
Video Games,2026-03-01,0.0
Video Games,2026-04-01,0.0
Video Games,2026-05-01,0.0
Video Games,2026-06-01,572899.37
Video Games,2026-07-01,0.0
Video Games,2026-08-01,0.0
Video Games,2026-09-01,0.0
Video Games,2026-10-01,0.0
Video Games,2026-11-01,0.0
Waist Bags & Chest Bags,2025-12-01,190665.59
Waist Bags & Chest Bags,2026-01-01,201094.65
Waist Bags & Chest Bags,2026-02-01,192698.35
Waist Bags & Chest Bags,2026-03-01,179870.44
Waist Bags & Chest Bags,2026-04-01,243672.46
Waist Bags & Chest Bags,2026-05-01,232896.99
Waist Bags & Chest Bags,2026-06-01,214464.28
Waist Bags & Chest Bags,2026-07-01,227651.42
Waist Bags & Chest Bags,2026-08-01,228070.23
Waist Bags & Chest Bags,2026-09-01,153848.34
Waist Bags & Chest Bags,2026-10-01,209664.14
Waist Bags & Chest Bags,2026-11-01,247077.83
Walkie Talkies,2025-12-01,3420.83
Walkie Talkies,2026-01-01,3811.92
Walkie Talkies,2026-02-01,22136.6
Walkie Talkies,2026-03-01,8752.64
Walkie Talkies,2026-04-01,3887.36
Walkie Talkies,2026-05-01,20472.38
Walkie Talkies,2026-06-01,11679.22
Walkie Talkies,2026-07-01,3846.38
Walkie Talkies,2026-08-01,3725.37
Walkie Talkies,2026-09-01,3122.99
Walkie Talkies,2026-10-01,3797.92
Walkie Talkies,2026-11-01,13552.12
Wallets,2025-12-01,2794790.09
Wallets,2026-01-01,2269512.82
Wallets,2026-02-01,2138591.54
Wallets,2026-03-01,2026646.33
Wallets,2026-04-01,2119237.63
Wallets,2026-05-01,2291710.69
Wallets,2026-06-01,2653691.88
Wallets,2026-07-01,2204067.94
Wallets,2026-08-01,2232218.69
Wallets,2026-09-01,3532624.75
Wallets,2026-10-01,2346410.52
Wallets,2026-11-01,2506289.78
Watches Accessories,2025-12-01,29849.29
Watches Accessories,2026-01-01,23450.9
Watches Accessories,2026-02-01,22472.98
Watches Accessories,2026-03-01,20955.39
Watches Accessories,2026-04-01,15830.3
Watches Accessories,2026-05-01,54778.57
Watches Accessories,2026-06-01,38846.22
Watches Accessories,2026-07-01,23610.48
Watches Accessories,2026-08-01,22508.28
Watches Accessories,2026-09-01,112754.87
Watches Accessories,2026-10-01,21805.15
Watches Accessories,2026-11-01,38019.65
Wearable Devices,2025-12-01,73472.23
Wearable Devices,2026-01-01,41829.97
Wearable Devices,2026-02-01,44800.06
Wearable Devices,2026-03-01,91305.44
Wearable Devices,2026-04-01,127082.21
Wearable Devices,2026-05-01,114677.21
Wearable Devices,2026-06-01,140051.46
Wearable Devices,2026-07-01,119793.6
Wearable Devices,2026-08-01,131641.99
Wearable Devices,2026-09-01,152061.32
Wearable Devices,2026-10-01,107667.91
Wearable Devices,2026-11-01,120625.43
Wedding Dresses,2025-12-01,0.0
Wedding Dresses,2026-01-01,0.0
Wedding Dresses,2026-02-01,0.0
Wedding Dresses,2026-03-01,0.0
Wedding Dresses,2026-04-01,0.0
Wedding Dresses,2026-05-01,1163.58
Wedding Dresses,2026-06-01,34924.85
Wedding Dresses,2026-07-01,0.0
Wedding Dresses,2026-08-01,0.0
Wedding Dresses,2026-09-01,0.0
Wedding Dresses,2026-10-01,0.0
Wedding Dresses,2026-11-01,0.0
Wedges,2025-12-01,221007.37
Wedges,2026-01-01,189767.65
Wedges,2026-02-01,126418.38
Wedges,2026-03-01,82983.37
Wedges,2026-04-01,140941.26
Wedges,2026-05-01,160555.53
Wedges,2026-06-01,288997.19
Wedges,2026-07-01,159719.55
Wedges,2026-08-01,159720.4
Wedges,2026-09-01,131834.73
Wedges,2026-10-01,145320.59
Wedges,2026-11-01,91872.22
Women Muslim Wear,2025-12-01,5465.72
Women Muslim Wear,2026-01-01,5804.53
Women Muslim Wear,2026-02-01,6627.11
Women Muslim Wear,2026-03-01,6592.44
Women Muslim Wear,2026-04-01,7560.47
Women Muslim Wear,2026-05-01,6705.25
Women Muslim Wear,2026-06-01,6738.3
Women Muslim Wear,2026-07-01,6246.74
Women Muslim Wear,2026-08-01,4977.26
Women Muslim Wear,2026-09-01,10563.44
Women Muslim Wear,2026-10-01,8730.34
Women Muslim Wear,2026-11-01,9114.24
Women Watches,2025-12-01,385063.26
Women Watches,2026-01-01,303123.43
Women Watches,2026-02-01,253252.9
Women Watches,2026-03-01,272935.71
Women Watches,2026-04-01,240539.46
Women Watches,2026-05-01,218665.19
Women Watches,2026-06-01,214268.86
Women Watches,2026-07-01,143651.0
Women Watches,2026-08-01,134837.5
Women Watches,2026-09-01,319078.19
Women Watches,2026-10-01,124935.25
Women Watches,2026-11-01,182859.64
Writing & Correction,2025-12-01,4711788.47
Writing & Correction,2026-01-01,3220459.89
Writing & Correction,2026-02-01,4392285.08
Writing & Correction,2026-03-01,4719634.17
Writing & Correction,2026-04-01,4194997.88
Writing & Correction,2026-05-01,5564538.07
Writing & Correction,2026-06-01,7744746.04
Writing & Correction,2026-07-01,7322191.63
Writing & Correction,2026-08-01,6003865.47
Writing & Correction,2026-09-01,15479596.19
Writing & Correction,2026-10-01,5186008.91
Writing & Correction,2026-11-01,3402656.3
